Channel 1,,,,,,,,,Channel 2,,,,,,,,
Views,,,Clicks,,,Cost,,,Views,,,Clicks,,,Cost,,
00-8,8-16,16-24,00-8,8-16,16-24,00-8,8-16,16-24,00-8,8-16,16-24,00-8,8-16,16-24,00-8,8-16,16-24
8.564413,90.225098,47.37931,8.55612,58.787178,32.082594,0.982887,4.422823,10.097315,30.239729,1.510945,78.103148,21.522876,3.524277,48.87468,14.931372,19.835923,23.242538
7.307933,91.027748,50.130688,7.402859,59.699342,35.715012,1.141692,5.307632,10.415368,29.088558,1.552363,76.960011,21.949744,4.084855,48.445558,15.993289,19.43378,22.743431
8.369265,91.367774,50.219043,9.299895,59.541855,38.443006,0.625738,4.865101,9.998553,29.280264,1.663466,81.67799,19.513452,3.871034,48.090671,16.437741,20.838486,24.078745
7.975735,89.784401,47.184656,8.255211,59.702823,35.906848,0.967843,4.169312,10.314703,32.213761,1.693465,74.790428,20.79193,4.264156,48.86528,15.130549,20.210621,23.641663
8.551453,91.247119,50.689902,8.802934,60.646686,38.846742,0.401413,4.668076,11.184563,29.678481,2.148976,78.715531,21.604973,4.45126,47.367299,14.465492,20.084766,23.14299
8.498949,90.29296,49.063558,10.352466,60.098546,38.548541,1.262845,4.987307,9.026245,30.675011,2.089388,78.471467,22.38393,3.020789,46.507827,14.487639,20.115216,23.302446
9.233316,90.667802,50.681167,8.173174,59.583356,32.247615,2.321001,5.372228,10.87638,29.179546,2.031372,74.321437,21.801465,3.830457,48.920866,16.765005,19.318987,23.074408
7.367775,89.842335,48.125909,8.854963,59.971146,37.322091,2.069617,5.77368,11.208207,29.468896,2.477176,82.32477,21.87204,2.855029,47.677748,15.139007,20.772485,22.746408
7.290586,91.900658,49.021833,9.232062,59.766029,37.542295,1.251635,5.058731,9.230262,30.701321,1.237985,80.802247,20.334529,3.464582,48.164013,15.682418,19.481762,23.089737
8.38301,90.255466,50.380418,9.47838,60.222198,35.943326,2.978582,5.22158,8.600891,31.513649,2.817108,77.01773,20.138368,2.995713,48.096559,15.337667,19.889185,23.602151
7.971124,90.557642,50.094413,9.012073,59.873331,33.463549,1.632738,4.677558,10.459235,31.110648,1.472003,79.75109,22.266053,3.477197,46.979377,13.715198,19.435909,22.241434
7.689883,89.697993,48.894171,9.16341,60.166322,37.145901,2.07507,3.789419,10.06758,30.037687,2.322707,79.070139,21.899652,3.241848,47.6153,15.4601,20.001007,23.006649
7.315233,89.794865,47.972104,9.287717,60.766355,35.228769,2.589394,5.770395,10.790648,32.67848,2.05584,77.30451,21.480091,3.13908,50.193509,16.547222,19.654487,22.915929
8.228154,89.924069,52.209463,7.874347,61.619901,35.788103,2.296596,4.880551,9.269993,30.759361,2.004325,79.179267,20.560185,3.32484,47.781986,15.597565,20.351179,22.555249
9.185365,90.207883,48.298007,8.183623,60.117426,35.06827,2.733758,4.752216,10.447696,29.651781,2.431402,74.719358,21.289996,3.210316,48.993995,14.12169,19.060228,23.21471
8.752617,90.510746,53.609282,9.596531,60.380896,35.853945,1.883461,3.995123,9.054144,29.299201,1.690485,78.292693,22.622325,4.096022,48.059059,14.405344,21.035415,23.147766
9.873993,90.806415,50.446878,9.683323,58.644484,32.319374,0.522552,5.22415,9.824365,31.01809,1.351489,75.932855,20.543698,3.365952,48.401449,15.393925,20.354586,22.428437
7.493994,90.52936,53.103355,9.281422,60.648937,36.352604,2.094321,4.602867,10.105052,29.388729,1.996925,79.378734,20.513046,3.902125,46.012805,14.664836,19.453882,22.545958
9.344314,91.00143,50.492003,9.492192,60.002232,37.13046,1.949576,5.160796,11.390847,30.232406,1.128096,76.122429,22.714464,3.135574,46.892093,14.030658,20.814999,23.146193
8.280981,89.870568,50.046628,8.682005,58.784256,31.687087,1.330987,4.913795,10.042322,30.424013,1.51552,71.598085,21.057263,4.771514,47.620624,14.343958,19.761167,23.150814
8.021988,91.165519,49.1127,9.262256,60.097417,34.037726,2.573752,5.076076,9.992162,29.278687,1.735675,77.59565,19.204122,2.63236,48.303566,14.239044,19.736855,22.928634
7.978123,90.220718,46.976838,10.149174,59.758143,35.567032,0.734454,4.980909,8.328401,31.513775,2.458659,77.678983,20.866782,3.187692,49.34251,14.611949,20.078637,22.784512
7.053405,89.383786,49.547603,10.253571,60.861776,35.358308,1.044236,4.892081,9.664694,31.323253,2.09219,80.262713,21.683067,3.480066,48.882179,14.757408,20.347757,23.059956
9.101711,89.762522,49.145923,8.686786,60.714714,36.682793,2.595589,4.795012,9.337801,28.853488,1.806217,75.109915,22.479365,4.140115,48.626029,15.923324,18.97524,22.852302
7.777115,90.025823,50.740878,9.382866,60.05838,38.178069,1.319338,4.307622,11.749167,30.66719,1.785277,77.389504,20.947542,3.413236,46.908641,15.067355,20.485731,22.774433
7.175024,90.813506,47.048125,9.644784,59.820087,36.823475,1.877395,5.128918,10.379369,31.263403,1.710287,77.66044,21.686645,4.770632,48.489756,12.207604,20.518745,22.889049
9.207073,89.990385,50.489786,10.386961,60.152999,37.180922,1.132064,4.724872,8.196354,31.423901,1.945614,78.437636,21.278145,2.995414,48.776005,15.576328,19.927564,22.995415
7.24038,89.90648,49.894019,8.385829,60.441721,33.350767,1.021645,5.67612,9.629255,29.783647,1.900304,79.337391,20.919998,3.940576,48.19365,15.243971,19.15741,23.20831
8.224955,89.168282,50.512591,8.417486,59.967429,35.095833,1.239253,5.308513,10.446317,31.083986,2.049499,76.579176,21.921157,3.973658,49.059086,13.454864,20.093829,23.931995
8.449884,91.062546,51.569223,7.931167,59.572695,34.267546,0.819813,4.760217,10.195281,29.518483,2.299828,76.579912,22.547882,3.21604,47.850847,15.53712,20.437386,23.346531
7.985637,90.027931,53.559301,9.137194,60.217734,33.741071,1.370655,5.646806,10.963308,28.840525,2.033924,72.325163,21.937693,3.59549,47.46028,13.819721,20.187552,23.388776
8.643282,89.272198,46.020918,6.932496,59.666279,37.95045,1.841815,5.625402,9.536721,29.601159,2.054497,83.155435,22.828228,4.317638,48.924745,15.494403,19.787882,22.573352
7.57802,89.830809,50.076082,9.224537,61.124791,36.359159,1.838988,4.969031,11.710803,28.856832,1.629597,78.669509,21.756218,4.232609,47.90448,15.808907,20.228363,22.490366
7.60624,90.58504,49.572966,8.757295,59.364436,37.327047,0.956472,5.195028,10.286295,29.956151,2.507585,80.260055,19.654199,4.214898,47.719154,15.255272,18.978868,22.937624
8.253558,90.665668,50.84821,7.189024,58.592717,36.976632,1.33731,4.802596,10.342722,29.47256,1.974366,75.976285,21.475144,4.006122,46.679605,15.40107,20.743718,22.471543
6.344458,90.571554,51.382559,10.362929,59.168366,35.533193,0.421732,4.216712,9.972066,29.910644,1.651241,82.541143,20.16296,4.476606,46.908491,15.541494,20.004679,22.802372
7.798697,89.926113,50.402779,9.250324,58.753028,35.002366,0.761778,5.224398,10.480112,29.261388,2.694278,76.822768,21.98664,3.027002,48.546155,15.202189,19.964822,22.985818
6.61397,91.376603,49.033105,7.439861,59.704361,36.675142,1.110414,4.223444,10.191166,31.50191,1.84215,80.03281,22.261907,3.482996,47.570514,13.947386,19.956854,22.945398
8.698386,91.042425,52.076476,9.001947,61.519935,36.3429,0.759045,4.747046,9.571664,28.528927,2.035738,78.684413,22.958979,3.124278,47.407812,14.638654,20.142219,22.223408
7.843615,90.359243,51.356735,9.110126,59.8572,31.763114,1.969883,5.675021,11.810439,29.723244,1.000575,78.280481,21.181703,3.05023,48.599814,16.493239,20.033129,22.44813
7.351502,91.325065,49.319183,9.595941,60.539703,34.349317,1.543398,6.270977,8.246031,30.094656,2.103229,80.912749,20.608776,3.954678,48.088549,14.823187,19.900311,23.022724
8.228998,90.145312,49.295446,8.993054,59.276965,36.522933,1.106264,4.662406,8.878995,30.186383,1.762759,75.363066,18.22331,3.254477,48.130973,14.410387,20.667085,22.191391
8.509328,90.726719,49.879694,10.368973,60.689471,36.456421,1.14788,5.0721,10.829595,28.475121,1.548088,78.480238,20.069176,2.992867,47.279565,15.433206,19.763524,22.536539
7.4663,90.735213,53.364412,8.506206,59.554165,37.067512,1.951355,4.621834,8.748046,30.365823,1.435312,78.068228,18.922331,3.408196,48.374836,15.315059,19.506805,23.156814
7.184956,90.158685,47.714864,10.200615,60.485886,36.606732,1.846307,5.343321,8.863588,30.759917,1.876485,76.320205,20.520584,4.161857,48.32137,16.179774,20.415709,23.520393
7.842701,90.699561,47.166709,8.534099,60.884636,38.45746,0.520926,3.962152,9.002811,29.245689,1.743008,77.26709,19.966775,3.145265,48.191138,14.623976,19.818237,23.24297
6.180691,89.819962,50.974434,8.63935,58.985342,37.757368,1.725812,5.224022,11.558334,28.523124,2.534115,76.461607,20.770446,3.438786,48.581853,15.505074,19.450229,23.923374
7.979826,88.979143,53.227697,9.092073,60.500219,34.852486,1.681947,5.102077,10.096533,31.680767,1.561303,77.357624,20.168627,4.386866,48.096739,15.525702,20.562574,22.098775
7.563589,90.861506,48.039258,9.616076,59.340764,37.323341,2.164195,4.983923,10.802296,28.415311,1.940472,81.188179,21.393031,4.068148,47.45982,12.980557,20.928622,22.737656
6.989327,89.788698,52.657528,8.911106,59.608189,32.016854,1.916078,5.567632,8.57863,29.212406,1.92526,72.733065,21.190396,3.491646,48.726938,15.148553,20.228061,23.316875
7.447526,89.393198,44.460931,8.403942,59.909314,33.687548,1.160781,5.566826,8.972714,29.907397,2.371833,78.348803,21.082591,3.91286,48.266919,14.843061,19.904773,22.474866
8.513514,90.293409,49.969181,7.191324,61.483419,38.697696,0.610436,5.004265,9.866875,30.712797,2.006884,75.822195,21.974151,3.566223,47.124379,13.691857,19.766006,22.647118
7.975897,90.01911,47.738261,9.738597,60.496956,37.061635,1.384924,5.025501,9.90222,29.708934,1.339761,77.054397,20.862847,3.957739,47.792351,16.122806,20.942421,22.893193
7.91661,89.865343,49.061084,9.476645,60.352874,35.520945,0.885662,4.624849,9.547419,29.556169,1.993699,78.804415,22.611702,3.362387,46.551235,13.582249,19.758553,22.494364
7.540043,89.777445,49.484961,8.913071,59.078823,36.640298,0.204419,4.610114,12.004488,29.241269,2.07486,74.716792,20.06127,3.508768,47.819996,14.903828,20.279812,23.293359
7.765339,89.039788,48.583181,10.112469,62.443183,38.693335,1.951603,4.579564,10.924985,30.150635,2.647067,78.727393,21.026046,3.949704,48.539442,14.051719,19.879533,22.876882
7.937117,90.143669,50.86031,9.976664,59.846904,34.541582,1.534143,5.284297,7.464224,30.191895,1.821924,78.530918,20.312158,3.094274,47.188736,14.310848,19.319314,22.908852
7.386512,89.86552,48.771605,9.353926,60.248986,37.594882,0.877494,5.713227,8.992714,28.958844,1.45336,77.303074,19.603658,3.18361,48.127276,14.735806,20.350074,22.919647
8.759929,89.694577,48.530888,8.078622,59.027901,34.011374,2.096799,5.425705,10.176524,28.987085,2.105908,78.585692,22.463407,3.605538,47.617413,17.049999,19.886834,22.971827
8.385418,90.234426,50.676312,8.736668,59.2524,40.834232,0.923149,4.882163,10.111705,28.946915,1.894225,77.344433,19.88361,4.413545,47.152515,15.005859,19.072351,22.754092
8.181548,90.921814,51.346229,8.61753,59.7548,34.034261,1.136253,4.943393,9.594373,29.039951,2.642536,78.39251,22.216603,3.750884,48.571489,14.889044,19.64081,22.059688
7.158982,90.887905,48.877737,8.839365,60.880523,36.15782,0.115162,4.731565,10.448089,29.273233,1.767322,78.408787,18.920814,3.623983,47.32618,16.15688,19.521447,23.370098
8.891539,88.943363,50.852506,9.369657,60.380602,37.961171,2.119604,5.147633,10.339839,28.805585,1.987671,82.074597,22.779055,3.537296,47.61086,16.227091,19.613814,22.512917
8.486891,89.49232,49.412647,9.273098,60.229331,37.587504,0.604939,5.409511,10.114898,30.797744,3.239077,76.662922,20.153456,2.973662,47.358935,14.480107,20.443689,21.834268
7.946604,89.182797,48.413978,8.204962,59.444799,31.967494,1.158436,5.020742,9.641161,29.83235,1.86876,79.701148,20.998883,4.92358,46.992157,13.209946,20.373932,23.589295
7.991274,90.298017,49.635544,8.462907,60.77902,30.111519,1.827849,5.750867,10.89273,31.540793,2.231851,79.815211,20.887669,3.602399,50.707058,16.370972,19.348829,23.033031
7.917139,89.947863,51.489902,9.707253,59.863911,35.496565,0.879892,5.14362,9.998774,29.615491,2.362319,78.543512,19.899586,2.606774,47.647696,14.51578,19.529441,23.994301
7.344771,90.416972,47.265165,8.532915,59.85315,38.092679,0.739617,4.398332,8.512568,28.432398,1.255758,78.652309,23.451994,3.540878,49.105292,14.466728,19.629516,23.215047
7.75585,90.361851,50.6175,9.09353,61.220662,36.127735,2.622778,4.380974,11.616868,30.044648,2.38962,81.017976,21.005701,4.092548,47.868091,15.997385,20.048622,23.900351
7.941158,89.329023,50.381537,10.084288,60.602038,35.896253,1.53322,5.571631,9.627253,31.60595,1.594696,78.05683,20.933248,3.532749,48.759796,14.984716,19.904234,23.518125
8.344111,88.579153,49.690171,8.040869,60.248146,33.363921,2.033302,4.746773,10.573277,30.962146,2.806692,79.129006,21.03724,3.45002,46.78798,14.905637,19.965998,22.386846
8.100508,91.082301,46.456313,9.052215,59.943726,35.229558,1.607993,4.707438,10.958849,28.55655,1.201401,73.767593,21.090957,3.696904,47.931308,14.782393,19.744978,22.115743
7.545003,89.998682,47.412444,8.510004,58.941594,38.073914,2.772559,5.127786,9.50493,31.537251,1.942559,75.029372,21.402929,4.02126,48.029109,14.91775,20.075078,23.900057
6.566214,89.417991,49.544373,9.629216,61.540861,34.64636,2.363668,4.081687,9.217664,29.175897,2.183992,81.253809,21.745054,3.819265,48.676741,16.202539,20.051626,24.018205
8.551498,89.421528,54.171044,9.104278,59.66587,36.867175,0.736574,5.226628,12.348338,28.959292,1.908972,78.596009,19.78053,3.674297,47.342249,14.473187,20.046186,21.857803
7.311972,89.876533,47.366341,8.787173,61.413281,35.318959,1.681784,5.617509,8.78404,26.930785,1.850146,78.134704,20.695801,3.521087,47.672306,13.83738,19.919571,22.882564
8.092244,90.15639,49.742694,9.907299,60.5436,34.949202,1.491688,5.445732,10.126948,28.058741,1.987051,79.124494,19.87824,4.230586,49.501834,14.484858,19.635257,23.367206
8.999332,90.58684,46.808051,9.443715,59.980386,35.195553,1.996946,5.909966,8.92701,28.665685,1.475464,78.328196,22.208287,3.977235,47.191772,14.749888,19.272709,21.985307
7.760944,89.891951,50.199646,9.894009,59.616376,34.399051,1.375703,5.854362,11.071545,29.479097,0.954455,77.817159,20.933363,3.775357,47.434646,15.394915,19.935347,23.113547
6.837112,89.703699,46.865273,9.753461,59.026,35.263451,2.801417,4.160869,10.602435,30.392526,1.793025,73.273735,20.096734,3.627722,47.560834,13.944797,20.085813,22.693246
7.936623,89.531331,48.857511,8.944547,60.599879,36.975683,0.791022,4.837992,9.851196,27.774332,2.05633,78.203864,19.855172,4.142952,45.965219,13.064692,19.742033,22.314479
8.421816,89.687231,50.486777,10.053258,60.082839,33.637503,2.596982,5.486039,8.21647,29.791933,1.524556,79.765384,21.979781,3.509612,48.164498,14.677604,20.542164,23.442401
7.036978,88.715079,50.061848,9.935951,60.146412,36.390206,0.760949,5.673512,9.970534,30.543078,2.018304,78.350826,20.118147,4.969181,47.439543,15.22416,20.363941,23.019522
8.014404,90.689334,50.74213,10.569904,58.918245,39.378299,2.552377,4.73607,9.62272,28.295943,1.622724,76.135589,20.683109,3.878196,47.55431,15.106203,20.314527,21.93797
9.065469,88.706378,48.989565,8.833228,59.464478,37.213371,1.632902,6.003312,10.69094,30.199721,1.858836,77.353461,20.691669,3.747814,48.162496,14.822393,20.132085,22.764952
8.588742,89.540468,52.318399,7.765527,61.055952,33.811008,1.721855,5.049875,10.020138,29.925371,2.005236,78.412426,21.185932,4.396095,47.247734,14.873628,20.100304,22.227898
7.869664,89.137849,49.601607,8.155018,59.563243,36.318619,0.876988,5.164661,9.681531,30.16584,2.496977,77.968568,20.669301,3.533407,47.854444,16.277161,19.899,22.655747
7.091706,89.920132,50.729868,8.914872,59.769465,37.544516,1.895744,5.106445,8.447334,29.068946,2.096474,75.024886,20.625415,3.361891,46.663818,15.04197,20.039387,23.365072
8.135877,89.734458,47.543897,9.128636,59.772051,37.212629,1.55422,5.745613,10.699053,29.023793,2.19382,76.31271,20.970247,3.76878,48.540967,13.338954,19.902163,22.765846
9.812118,89.842879,47.972413,7.923461,60.563504,37.561657,1.033351,4.580601,8.7154,29.678062,1.519334,76.693435,20.210742,4.492529,47.754863,15.23548,20.033984,22.800491
8.407874,87.494522,49.963016,7.624169,59.918182,37.721403,1.427279,6.221899,11.797886,30.550672,2.255646,78.510012,19.360609,3.598946,47.006479,15.54738,20.455373,22.774515
8.147474,89.247755,47.193328,10.218599,59.663463,40.518053,1.046354,4.032662,10.526173,30.351499,2.111109,76.271156,20.079476,2.86856,47.834274,14.188975,19.648377,23.093411
8.520797,88.576436,48.20759,7.809373,60.300045,35.061518,1.888617,4.58356,9.457724,30.428212,1.384919,78.489615,21.172507,2.919626,48.818102,14.579437,20.214666,22.996487
8.114319,89.116006,50.780564,9.655796,59.835977,36.33414,0.482043,5.039599,9.222034,29.691499,1.606528,75.032179,20.489161,3.313113,47.716909,17.04884,19.847274,22.543296
8.651,89.78587,49.961921,8.803041,59.258887,37.322816,2.430312,4.483574,9.299686,29.491133,2.256998,77.895347,20.848083,3.16746,47.276983,15.150501,20.372539,23.734183
8.780466,90.221462,46.726498,9.301052,61.034566,35.845564,0.878081,4.805699,8.149444,30.647815,1.143994,78.06671,21.508942,4.38952,47.481176,16.458834,20.231007,23.055625
7.582365,90.194379,51.091084,8.505323,60.467483,32.088389,0.278394,4.369365,11.479127,29.160342,2.249171,78.126266,21.47155,3.760935,48.629532,15.946787,19.429651,23.153603
10.212512,89.316655,52.892068,7.892555,60.119193,35.906243,0.896409,5.019321,10.259441,30.034984,1.512732,75.667669,21.841732,3.561234,47.664279,15.952202,20.011499,22.446907
8.060982,89.710733,48.000938,9.465843,58.966367,35.576726,2.734747,4.60375,10.387481,30.927545,2.100768,77.966408,21.892615,4.199189,47.861615,13.624941,19.981154,23.413724
9.059717,91.533625,49.613475,8.909742,60.528894,37.588317,0.759116,4.463157,10.311175,29.533577,2.552283,77.691586,20.956851,2.444232,48.4318,16.545974,19.979288,22.282044
6.97123,90.502838,52.157206,8.900197,60.541281,38.405534,2.254954,4.082306,8.837837,30.327687,2.124694,75.543075,20.197166,2.907881,46.118777,14.504406,19.804307,23.449089
8.380207,90.571042,48.876243,8.369186,59.74565,38.511466,2.251558,5.014358,10.652993,31.5363,1.581578,81.056062,21.918163,3.427705,47.150354,14.923132,20.520423,22.931017
7.778145,90.897339,47.327337,9.205641,59.246582,37.797491,1.866909,5.258587,8.103538,29.78066,1.986959,76.038745,19.56842,2.535955,47.750822,16.335526,19.319321,23.388512
7.882477,89.95646,53.002649,8.795349,59.624168,37.249111,1.09856,5.107155,10.551584,28.868709,1.696467,75.85656,20.501704,3.210587,48.271407,13.392024,19.919282,22.483976
7.607235,89.40688,48.017845,7.793803,59.049314,34.30065,-0.666131,5.14347,10.111804,30.743701,2.06481,80.557416,20.168095,2.94542,47.603591,14.138184,19.820443,22.840296
7.559213,89.77278,49.018406,8.60062,60.584712,34.643947,0.412968,4.408932,9.085956,29.491435,1.763668,78.422324,21.904197,3.379212,47.603228,13.087685,20.060535,22.453008
8.521161,91.012881,50.356159,8.948643,59.655623,33.669566,2.296987,4.874044,10.608742,30.180822,2.456601,77.774372,21.381977,3.295254,48.163169,15.147548,20.291908,23.225124
7.6483,89.368572,51.03121,7.174507,59.306349,34.175436,2.683394,4.855364,10.042014,29.964088,2.008919,78.02734,21.029492,3.248244,48.434991,16.545035,20.0031,23.232869
8.746607,89.786487,50.881817,8.51891,60.05472,38.527362,1.885537,4.812661,10.037725,29.387484,3.369183,75.539413,22.161382,4.128105,47.760839,14.123811,19.844239,22.678245
9.723114,88.69172,48.384956,9.426248,60.237495,37.972824,-0.169761,5.422996,11.682203,31.502946,2.247514,79.129345,19.647903,3.889683,48.852163,14.106215,19.239758,22.634086
8.347957,89.868156,52.953676,9.699635,59.452853,32.945895,1.520992,5.089688,9.275154,29.719458,1.924758,79.909622,20.915202,2.654448,48.689042,15.26992,19.852789,22.982464
7.667705,90.374108,48.192051,8.282518,61.780782,33.629343,2.298865,4.543599,9.766665,28.414259,2.083508,74.986979,20.38799,2.226384,46.57018,15.397793,20.818287,22.064643
7.292642,90.593796,47.834665,10.514267,61.379399,32.335873,0.777747,6.206256,11.146688,29.882006,2.037167,80.745249,21.743691,2.622051,48.464933,15.775125,19.839072,22.931394
6.376664,89.802667,49.341215,7.633846,58.729992,36.258534,1.202503,5.316228,8.984602,29.956387,2.980099,77.967831,21.543606,4.42131,47.790125,15.803052,20.809586,22.580683
8.822955,90.637562,48.424869,9.006627,61.143429,38.076401,2.234074,5.853774,9.067893,29.277059,1.945722,79.857874,19.903312,2.594482,48.065865,14.673803,19.492035,23.402425
8.423768,90.220198,49.175438,9.944198,59.535324,36.865167,1.475449,5.065678,9.52986,31.245986,2.334174,77.063809,21.180232,3.42979,47.367039,16.13996,19.227446,23.038415
7.937688,89.261801,51.468643,9.421491,60.190078,34.595487,0.926891,4.633975,10.215076,30.066859,0.735697,75.901912,22.937519,4.126267,50.166135,16.718474,19.740934,22.659012
7.698021,89.714974,47.750659,9.41146,58.837141,38.109918,2.092268,4.759793,11.492954,28.566519,1.883824,76.475417,21.197197,3.435431,46.841142,15.343043,18.803792,23.090149
7.597321,88.542375,52.136314,10.214093,60.576881,34.32094,1.440891,5.071962,10.068691,30.680968,1.343429,75.220313,21.295302,4.420524,48.414343,12.854684,19.535102,23.404763
7.661273,90.193454,48.968936,9.915041,59.96461,34.681582,2.051335,5.232126,10.787626,29.195291,2.543567,78.343654,21.229465,2.684957,48.266952,16.44016,20.127164,23.776492
8.55106,89.703168,48.007542,9.204469,60.374122,34.886066,2.018602,5.255535,11.329092,30.831704,1.621432,79.3484,21.435415,2.548753,47.726408,15.042312,20.614011,24.010046
8.514997,90.36624,52.351347,8.9254,59.370678,34.50537,0.355623,4.44379,10.356253,29.705718,2.094726,77.197356,21.714216,3.544319,47.832906,13.521996,20.600326,22.981057
7.302037,91.298551,53.3046,8.999231,59.157751,36.706798,2.125031,4.47752,10.460846,31.103698,1.574245,77.177899,21.07632,3.070179,48.10173,16.293299,20.323452,23.406225
7.512365,89.865181,49.929255,8.136167,58.46575,34.993648,1.024201,5.015265,8.517098,30.129368,1.623137,80.055695,22.648082,2.741503,47.749028,15.403132,19.084409,24.328837
8.154377,89.976788,49.823866,8.551175,59.665931,36.68707,-0.307647,4.401409,8.858984,29.1552,2.080387,81.662108,21.632613,3.730886,47.844946,14.982666,20.354084,22.419915
9.289398,89.773891,46.867812,10.203433,59.145975,34.660759,1.902497,5.582724,10.205566,29.134614,1.708954,79.788745,21.025883,2.897488,47.138364,14.999396,20.105863,22.874493
7.523764,88.837013,49.250426,8.778916,59.160589,36.22805,1.008915,4.434004,10.48523,30.332813,2.77134,76.145284,21.065822,4.320108,47.472202,16.862465,20.546246,22.529824
8.243055,89.624029,50.335232,7.751134,59.853455,34.571828,2.139315,5.017373,9.693203,28.127859,2.346849,79.827271,21.318859,3.46733,47.532845,14.296964,20.248877,23.515024
7.152652,88.975376,52.38133,8.057758,59.590091,34.901406,1.068507,5.194565,8.090464,30.72583,1.54538,75.066856,20.940482,3.447358,47.541805,15.494272,19.620144,24.088417
6.878016,90.096799,51.724826,9.650822,60.296871,37.202206,0.614218,5.076906,11.375997,29.89841,1.868084,78.844719,21.077609,3.659274,47.472797,16.027929,20.366839,23.198097
8.30639,90.655953,50.495437,8.437678,59.577734,37.335846,1.06656,4.542605,11.728726,29.181057,2.256455,80.038131,19.894655,4.492804,47.234089,14.090951,19.373429,23.705032
8.10932,90.382501,52.488182,9.685834,58.810377,34.612358,1.866098,4.871247,12.008467,29.493345,2.257664,78.52301,20.747389,2.875674,47.2215,15.289909,19.363975,22.841973
8.216813,89.013057,50.950664,7.964307,59.879236,33.54928,0.021478,4.859081,11.45301,30.845004,2.010422,81.256297,21.807625,3.129747,48.360874,15.63172,19.600127,23.365244
7.763357,89.59231,50.554662,8.71257,59.698811,33.157608,0.715231,4.120079,10.640152,31.179591,2.148618,78.039516,22.809259,2.905892,48.499651,13.748868,19.112084,22.943255
7.849947,89.938842,49.662142,8.613494,60.08469,35.713863,1.460325,5.457128,9.918777,30.890795,2.89335,76.544288,20.078211,3.982061,48.649107,14.92418,20.155129,22.938716
7.504913,90.097552,50.089738,7.891316,59.5778,36.274601,2.611502,5.492046,10.188215,29.888391,1.549304,77.408432,21.633514,2.998271,49.647504,15.294881,20.150192,22.187429
6.689189,91.60444,50.358932,9.140835,59.499535,33.781897,1.558706,5.418325,8.936621,31.023515,1.903662,77.303152,20.291454,3.655078,46.293405,13.805947,20.303878,22.852379
8.153688,90.532082,50.852604,9.953997,59.986247,37.036414,1.548501,5.098672,9.460104,30.58831,1.575163,76.4508,21.726522,3.4259,47.728782,12.862014,20.39529,23.16031
8.028012,89.641055,47.416925,8.771271,59.594645,31.994628,2.010981,4.143847,10.930408,30.837927,2.017426,77.524361,21.39908,3.933359,47.385621,14.842675,19.643184,23.054866
7.99624,89.280195,50.89412,8.392753,60.775348,33.355351,1.295572,5.313227,10.858856,29.38698,1.922848,75.600282,21.721923,3.457585,48.266371,14.775589,20.764813,23.114066
6.322854,90.503301,52.052518,9.076673,60.26178,35.121287,1.639068,5.174962,9.206184,28.609848,2.036206,80.65407,22.274297,3.744481,47.435329,14.632265,19.957336,23.127145
8.036591,91.154544,51.236003,8.289619,60.906948,33.569201,1.873668,5.56112,10.207734,30.810145,1.738007,78.919597,22.388232,4.141516,47.859018,14.382924,19.696989,21.936586
7.981522,90.799851,55.303722,8.705637,59.039935,36.91543,1.523575,5.24474,9.363361,30.55128,2.094177,79.564257,20.190484,3.438422,47.233962,15.126064,20.108783,23.552624
8.66061,90.128585,49.808399,6.864025,61.625185,36.362752,0.436595,4.839959,10.592446,31.23763,3.176798,74.305718,22.838342,2.910956,47.240332,14.881455,20.254688,22.516714
7.005132,90.590018,51.037832,7.715784,59.055299,37.732994,0.740405,4.940976,8.68842,30.274001,2.153765,77.977177,23.128497,3.64922,47.966555,14.500535,20.389188,22.710021
8.287677,90.126538,52.15975,9.007407,60.521932,33.389772,-0.190072,5.648981,10.267958,29.916232,1.992665,78.838481,20.783002,4.235646,48.646048,14.612457,19.288706,23.167807
6.783918,88.833072,46.886321,9.127432,60.335313,34.85178,2.516067,5.332825,8.98143,29.548058,1.276305,78.012575,22.969728,3.729195,47.983211,13.927467,20.130894,22.653296
7.496923,89.380777,48.751478,10.639632,60.963252,36.354297,1.156492,4.716157,11.074404,29.451351,2.151359,80.899634,22.153378,3.692734,47.152268,13.305338,20.944023,22.635693
7.442129,90.31958,48.251637,10.863728,59.688794,34.966815,0.775593,5.035051,11.253507,30.84914,2.254644,78.209084,21.951945,3.716704,48.465449,13.506186,19.758719,23.053138
7.588784,91.293031,47.847485,8.642429,59.756351,34.133335,2.473223,4.514878,10.132174,28.695562,2.606057,77.830591,20.466887,3.928575,47.746943,15.080884,18.825828,23.505982
7.634051,88.716591,46.186734,10.888932,59.619749,32.512068,3.073841,4.792926,8.688322,29.777151,2.515915,77.05322,21.411748,4.10082,47.363406,14.758474,19.4019,22.974214
7.062521,89.102976,49.073576,9.566757,58.92911,34.009285,0.940378,4.685956,8.828103,30.080531,1.71475,79.92306,21.129777,3.544816,48.441167,15.315424,20.339997,23.020317
8.811105,89.536893,50.688515,8.724058,58.533088,34.221649,1.529417,5.364447,9.547196,30.04813,1.9703,77.101179,21.283825,3.689946,47.914569,12.864124,19.794104,22.848995
7.262839,90.909874,49.286417,9.166714,60.885832,34.65319,3.389391,5.235882,10.648865,31.369635,1.146323,81.466049,19.903232,2.656341,48.311189,15.321086,20.441072,22.95653
7.767598,90.980775,50.206441,8.771403,58.883857,33.041213,2.972864,4.808003,10.60562,30.990546,1.768517,78.323275,22.95215,2.999649,48.754679,14.177388,19.858364,22.783211
8.382511,90.169043,49.687998,6.682352,58.61693,40.172941,1.35137,4.47762,9.063882,30.148066,2.097781,77.914995,21.821702,3.518304,46.939129,14.916198,19.761304,23.377277
8.966128,88.826027,50.78589,8.38762,59.917484,37.124598,2.107121,5.39449,10.194731,30.096163,1.923338,78.512992,19.247279,3.498743,48.205924,15.435214,19.745022,23.074132
8.308258,89.812062,49.600458,9.176098,60.873913,38.522295,1.858921,4.689012,10.087679,30.577366,2.810991,79.580062,21.754592,3.442542,46.695153,14.777339,20.121342,24.009756
7.340744,90.751702,49.320123,10.016906,62.223407,35.880127,1.342655,4.878369,11.043687,28.050984,2.349944,79.916399,21.228181,3.615794,47.67205,14.675445,20.249604,23.167284
7.025866,89.518299,49.709628,8.483282,60.190626,31.126581,1.623079,5.350232,9.818713,30.419667,2.219648,79.450727,19.334821,3.432469,48.031456,15.83096,20.460347,22.481943
8.202468,89.975285,51.365896,8.446594,58.955306,30.713675,1.247099,5.576802,9.828231,32.596232,1.937321,75.423813,22.077664,3.278742,46.893537,17.32954,20.168851,22.504248
7.19351,89.64255,48.855529,8.584187,58.326181,37.494287,1.192584,5.063739,11.484651,28.231506,2.939746,76.615933,20.586115,3.376832,48.558715,15.203223,19.586847,23.606714
8.310754,89.961937,52.698278,8.677533,59.993148,33.007155,1.491138,4.696197,10.374372,30.15275,2.16168,77.847299,19.395069,3.532584,46.984087,14.783253,19.922958,23.055849
7.530803,88.120446,47.865279,9.233524,61.196426,38.319158,0.059721,5.552016,8.386063,31.072082,2.030144,81.282218,21.072447,3.326286,48.106561,15.514596,19.741898,23.252948
8.14226,90.247479,49.924674,9.944244,59.401759,36.072154,2.898848,4.895507,11.773528,30.048271,2.237653,79.694787,22.294055,3.464758,49.214188,14.779,20.479346,23.508802
8.641033,88.539296,48.306967,8.511327,58.434693,38.6414,2.717108,4.747079,9.836571,30.790002,2.193983,79.088915,19.533032,2.886569,49.483104,13.886165,20.502738,24.175131
9.074547,90.941755,50.79388,8.600153,60.649719,35.940717,1.762138,4.637229,10.609331,30.238504,2.615871,74.185734,19.713645,3.598956,47.377681,15.452918,20.117012,22.071938
7.260314,90.337002,48.337299,9.001178,59.098344,37.831739,-0.401791,5.357889,10.497073,30.604797,2.212521,78.879031,20.228089,3.307359,47.078551,13.959128,19.931152,22.556296
7.289738,89.144685,51.894826,8.782877,60.02062,37.133156,2.290634,5.615843,8.103971,30.722322,2.127832,77.193058,20.495962,4.156734,48.823475,15.702858,20.707837,22.265947
7.671409,89.192391,48.015678,9.410378,59.460654,33.125328,2.626527,4.444632,8.77223,29.123672,2.318426,80.680824,21.49706,3.898899,47.39247,14.417935,19.358664,22.777588
7.255108,89.327219,49.344602,8.718446,58.949798,36.250194,1.961949,5.768343,9.700715,29.370108,1.750551,77.395355,19.756262,3.956162,47.408307,15.389936,19.771956,22.600842
8.013691,89.610862,51.731888,9.668819,60.649749,37.450513,1.765101,5.319152,11.259961,30.867018,1.860521,75.4597,20.557718,4.256637,48.632683,13.815102,20.191381,23.176537
8.006564,91.504993,51.798428,9.499684,59.713671,35.323217,2.438487,4.44612,11.219486,30.440831,1.115219,80.24246,21.493462,3.621281,48.441025,14.899182,19.090488,22.371786
6.977162,90.995413,50.568149,9.822658,61.471321,35.007482,1.468144,5.180544,9.464862,30.392809,1.47372,77.785005,20.130411,4.44666,47.863716,14.639949,19.074086,22.589317
6.929429,91.656567,53.148807,8.512091,61.39218,34.899261,2.055112,5.532157,10.086268,31.297807,2.567207,76.396217,21.857439,4.013031,48.840363,15.517449,19.38628,22.780386
7.575387,89.88698,50.919693,8.693068,59.731104,36.299418,1.73174,5.236231,9.281756,29.867116,2.502676,75.16847,20.650568,3.460082,47.322665,14.215717,19.140467,22.731121
8.224974,89.893393,48.713332,9.425197,59.863395,34.312424,0.741641,4.511761,8.81422,29.936041,2.505253,77.316038,20.623466,3.152407,47.62868,17.16839,19.937818,22.93968
7.807435,88.966289,52.701395,8.859176,59.356873,38.966245,1.835457,5.322787,10.680482,28.647855,1.786181,76.530563,23.972073,3.262167,47.607656,14.027467,19.476062,23.689058
8.087025,91.303867,50.059306,7.709686,60.167883,36.387342,1.081796,4.77371,8.461263,30.777478,2.507666,80.770115,21.571376,3.746204,47.363986,14.812739,20.328526,23.409492
8.520845,90.918383,49.282383,8.898567,59.276795,36.878232,1.483627,5.057923,9.752342,29.484977,1.568865,80.125518,20.790239,3.676877,46.311595,14.889593,20.152348,23.561957
8.735364,90.943055,46.898543,8.409262,59.993116,33.059673,1.180011,4.947995,10.127134,28.655971,2.024166,79.136524,20.808451,3.328706,46.987068,15.697236,20.248045,23.467785
8.544721,90.037749,50.942096,9.486158,61.135648,35.061384,1.71371,4.769071,8.276794,29.135876,2.328221,76.855228,20.844414,3.076295,48.563067,15.22176,19.617184,22.806568
7.459009,90.318245,50.019896,7.247205,60.30194,35.933601,1.105837,5.386187,9.600009,29.716716,2.588011,79.904934,21.21844,2.737395,48.233941,15.096799,19.94948,24.109525
8.45252,90.206476,49.080419,8.850272,60.426751,33.352565,0.967614,4.990624,9.432863,30.222671,2.671698,76.25864,20.52467,3.226587,48.806601,13.625653,19.772462,22.982008
7.453213,90.207208,50.267512,8.881368,60.399092,32.905577,0.124444,5.562055,11.091833,31.916659,2.622961,76.810613,20.332912,3.612343,48.322514,14.598877,18.826193,22.459787
8.00592,90.707266,48.037482,9.501864,60.20321,32.617201,1.46265,4.543609,9.848526,30.743514,2.057698,79.687524,18.549631,3.754796,47.541522,16.070066,20.3927,22.668584
7.41578,91.301589,50.152199,8.984849,61.205206,35.563266,2.270158,4.924876,10.055583,30.328667,2.343947,78.266155,19.835842,3.670079,47.573898,15.036817,19.213771,23.614325
9.241364,90.311492,49.076317,8.997003,60.005249,31.866224,0.822052,4.60646,11.392767,29.465228,2.298423,79.757598,20.059581,3.615115,47.243534,16.098156,20.35273,22.550909
8.122003,90.04685,47.655075,8.853254,60.019056,38.168845,2.395626,4.848781,10.156508,29.980368,1.874895,75.216776,22.307609,3.015458,47.87201,14.859167,20.11641,23.666081
7.881063,89.780207,49.649461,8.778638,60.895526,38.334243,0.246824,4.941281,10.604499,29.580486,2.118262,77.062417,19.738675,3.696387,47.650033,14.758614,19.442054,24.174618
7.70004,90.296041,49.752972,9.137587,59.124201,36.36012,3.233491,5.418305,10.106783,29.29948,1.760273,76.778778,22.940432,4.024387,48.894333,15.501132,19.757259,22.175783
8.850268,89.4975,51.872519,8.828272,59.219667,34.87562,0.480523,4.893944,10.542988,29.566736,1.460408,77.002474,21.468838,3.877202,48.511642,13.394064,19.464316,22.869247
9.273902,89.613266,51.057027,8.775802,59.079922,34.229042,0.389944,5.189912,11.58416,31.024004,1.481074,80.22984,20.581687,4.302943,47.529052,17.273815,19.756191,23.345469
7.606805,89.497723,51.301278,9.705406,59.043081,37.39583,1.58714,4.754345,9.86949,29.794298,2.232513,79.128057,20.012481,3.591211,48.923525,14.394649,19.467299,22.659512
8.453325,88.541639,50.512552,9.371612,60.341045,33.730022,1.124699,5.197493,12.407708,30.250497,2.243541,79.03032,21.734088,4.100281,49.409475,15.630592,19.525431,23.797847
9.049903,90.694797,51.549595,8.817639,59.495449,40.065767,1.314452,4.236931,9.677076,30.16205,1.583043,75.430689,21.272257,3.493611,48.141413,15.113102,19.851397,23.022002
8.237259,89.417968,52.449224,8.533976,59.683798,34.704273,0.767334,5.485374,9.072925,30.359629,1.34592,79.541388,21.889002,3.805869,49.139261,15.855539,20.245784,23.789183
8.033601,88.847307,49.90639,8.770901,59.080546,31.511556,1.86586,4.894751,9.591271,28.189158,2.349995,80.766355,19.530235,3.579989,48.929946,16.039549,19.590111,23.747059
7.878515,91.60089,47.121493,8.261052,60.416125,38.679368,1.749489,4.660495,10.385602,30.619805,1.792256,76.366564,20.414678,2.881684,48.90739,14.474949,20.908115,24.045338
8.759608,88.639668,49.902098,8.523452,58.745786,36.14337,2.381448,4.286763,10.650064,29.107051,2.041618,81.645546,20.390582,3.885494,48.386269,15.438249,20.151301,23.665182
8.606989,90.635936,47.14756,8.997115,60.456887,36.391057,1.726331,4.33109,11.226482,30.117028,1.756008,78.480701,22.520458,3.399138,47.98424,13.147422,19.742455,23.022487
8.658644,90.829258,46.3537,8.050621,60.38952,34.756669,1.946384,5.46618,7.914911,30.24624,3.340572,79.632399,22.031704,3.144838,49.538947,14.736746,19.690356,23.289277
7.808886,90.452297,49.891956,9.224901,61.038338,35.753982,1.214318,4.252839,9.678317,30.047391,1.650551,74.511794,21.722896,3.156706,47.846703,15.634934,20.567577,23.633169
7.211579,89.015638,50.471941,9.484861,59.749824,36.87166,0.891236,4.85131,10.017326,29.659666,2.495654,76.457299,21.181586,3.151358,47.021951,15.462023,19.985879,23.443605
8.119677,88.321539,49.471697,9.783948,59.083096,32.280187,1.551816,4.59422,10.207074,29.99284,2.296532,76.026026,21.316828,3.289473,48.266544,16.107082,19.826529,22.667724
7.49815,90.105998,51.519509,9.042704,60.616915,33.700219,1.566759,5.763885,10.345484,29.087045,2.048108,81.309826,21.441785,3.38675,47.191374,17.1668,19.671299,23.524385
7.850004,89.105375,47.456689,8.721791,59.358322,37.346691,1.592879,5.326741,9.838386,28.801232,2.102129,78.603024,20.3355,3.372383,47.72093,14.824307,19.604293,22.550495
8.466105,89.876898,48.86403,9.76877,59.055473,35.851468,1.43349,5.139105,10.425161,29.854332,2.202786,76.09466,19.897082,3.451084,47.778986,14.144002,20.731418,22.746631
8.521671,90.894085,48.929899,8.214193,61.262965,35.120955,1.814314,5.403081,9.783979,29.73345,1.389609,79.150857,20.620277,3.127822,48.303397,14.499388,20.048317,23.788411
8.104007,88.59135,50.47441,9.096886,60.38385,37.334554,1.344705,5.025556,9.087067,27.055308,2.858679,76.592457,21.528121,4.400619,48.400034,15.564676,21.033291,23.612407
8.5339,88.782658,49.110524,8.526656,58.531415,36.107614,1.155849,4.359072,8.368956,27.961307,1.790042,79.584407,19.917001,3.466258,49.425284,15.422759,19.280289,22.362739
8.330676,89.705645,49.027192,9.308903,60.693607,34.757018,1.257048,4.782782,10.456399,31.296822,2.267468,75.832211,20.641227,3.925536,48.16523,15.133558,20.530686,22.657311
9.821301,89.958696,50.147074,10.355815,60.73197,33.09907,1.546178,5.367355,10.220971,30.908485,2.142377,80.059385,21.102129,3.21294,47.830545,14.403831,19.68524,22.069989
8.439352,89.429611,44.986527,9.78938,59.377673,33.426513,1.53729,5.887829,11.093767,29.906985,2.365492,77.093282,21.681374,3.285429,47.25976,14.175195,19.89388,23.199756
6.992649,89.380164,46.16626,8.894857,60.309195,33.623977,2.241773,5.25831,10.522133,30.667951,1.477194,79.131504,21.284655,3.807923,47.170975,13.518849,20.890914,23.381546
7.722454,90.013192,48.557194,9.038537,60.269492,30.866664,1.115652,5.032439,11.331514,29.877743,1.903881,79.347023,20.445086,3.868292,47.630175,15.446643,20.485526,22.713091
7.791664,90.005362,52.135702,9.809012,59.740982,35.947847,1.248177,5.425741,9.694765,30.453305,1.864305,78.444285,22.080899,3.272437,48.65145,14.897334,19.613513,22.168033
7.692488,89.78099,49.603132,8.631817,60.423128,41.175307,1.055667,6.097405,9.14006,30.162594,2.383683,76.648219,19.761263,3.820288,47.104508,15.200022,20.162868,24.269722
9.35882,89.201435,50.253894,8.45687,59.036564,38.385637,1.486466,5.453797,10.663594,31.048425,2.559614,77.689442,19.976692,3.671038,47.992696,15.581921,19.777885,23.133383
9.030235,89.177604,50.962609,9.132866,60.909924,36.554252,1.960772,6.1126,9.8478,31.456825,2.12516,80.408288,21.205933,3.511624,48.879745,14.529471,20.048562,22.982802
8.708846,91.492554,50.541774,9.068939,59.566259,36.258191,1.977229,5.475511,9.545742,30.842117,1.322057,78.020108,21.322881,3.940924,48.140676,15.745624,20.517776,23.006868
7.989433,90.614012,50.57027,9.192601,59.569449,40.661316,1.724266,5.307974,10.574309,30.048875,1.648913,77.997514,19.831317,2.674743,47.907971,13.991383,19.940125,22.782492
7.648898,89.200217,50.641753,9.408139,58.685004,36.553388,1.370566,5.037711,10.588828,30.9807,2.134778,76.764486,19.885572,3.773239,47.070635,15.028015,20.325499,23.20002
8.33263,91.066319,49.797637,8.997981,59.786989,37.041469,2.585675,4.877646,8.751989,30.256335,1.910328,79.75839,21.48052,3.251987,47.434907,14.224141,18.983311,22.254258
7.707635,89.722763,50.268147,8.576912,60.294172,33.04025,0.151825,4.930371,10.69065,30.965328,1.92269,80.321994,20.122932,3.765978,48.571102,14.172263,20.493945,23.355647
6.34162,90.761293,49.601646,9.569253,60.450289,37.817311,1.799116,4.522288,8.630375,29.696879,2.402789,79.827817,22.348726,3.904475,47.070241,15.771011,19.713885,24.081262
8.889234,89.82821,46.176202,9.618889,59.294643,38.479646,0.986839,4.643203,9.707519,31.712333,1.830974,75.8163,20.808279,3.605593,48.314965,15.677544,20.162406,22.499622
6.057438,88.31806,53.735013,9.410991,59.907882,35.879894,1.729009,4.695714,9.271984,29.80461,2.964831,78.148101,21.907428,3.736096,46.249635,13.667011,20.445417,22.474263
7.768022,89.570805,50.715522,9.6978,60.639784,34.746168,1.994235,5.110673,9.740221,28.681311,2.138921,79.497058,22.02784,3.055772,46.448419,16.587844,19.907794,23.286064
8.364944,89.94376,48.964363,8.999604,60.60949,33.950934,1.595119,4.444345,11.465918,28.902722,1.87021,78.851943,21.593631,4.021074,48.650128,13.685105,20.565284,23.259498
7.018275,89.274337,50.847387,7.538168,59.886922,35.190847,2.156157,4.427888,11.059796,29.808749,1.507174,79.072368,21.844171,3.41903,48.387166,13.111059,20.256504,22.610143
7.522338,90.110463,50.216611,9.256696,59.122009,37.854102,3.649946,4.608443,10.639517,30.265834,1.350887,80.397064,19.734124,3.441237,47.199018,15.835001,20.03998,23.020588
8.566134,89.944066,50.316907,9.142148,60.14118,35.194463,1.909338,4.78055,8.539837,29.288034,2.403642,74.441499,22.033891,3.211392,47.929932,14.6217,20.219335,23.846968
7.863252,89.742606,47.369633,8.8515,58.964034,35.346651,0.682235,4.683489,9.542794,28.611213,2.165465,78.840715,21.138451,3.652812,47.282447,14.722557,20.334731,22.654934
8.639542,90.811536,50.47561,8.745322,59.077961,36.29425,1.426282,5.267934,10.060713,28.830485,1.683281,74.790524,22.336574,3.717395,47.992025,13.491278,19.847262,22.459818
6.611223,89.830098,53.346743,9.976484,59.942912,35.132369,0.640738,4.538784,10.253426,29.902874,1.565437,76.402635,20.602267,4.023232,47.083941,15.244158,20.241436,22.477576
8.228146,89.81586,49.777118,9.207516,59.699919,36.197248,1.288498,5.604312,12.094125,31.281949,1.45478,77.015121,22.174495,3.329312,47.59699,13.035385,19.682666,23.211988
8.817621,89.918784,51.267373,9.688266,61.24511,37.447122,1.326014,5.167928,10.873652,28.724604,1.990948,75.849489,21.616313,3.656133,47.989097,15.795135,20.008898,22.756758
8.934222,89.16098,46.441228,9.224387,60.625314,31.449144,0.861286,4.994671,10.0157,28.805016,2.001677,77.789828,21.814575,3.135656,48.483197,14.688376,19.766634,23.315872
7.612115,89.353587,46.281935,9.106622,59.82023,37.320324,2.055511,4.673277,9.747541,31.821306,2.110862,78.51621,21.18962,3.621889,47.921096,15.652663,19.923384,22.559147
7.670785,89.219177,45.600525,9.456474,60.714842,34.937019,1.007459,4.414935,10.548702,29.671996,1.073114,82.00475,19.042498,2.918903,47.682805,15.031866,19.28467,21.913702
7.771947,90.315424,48.991247,8.509669,60.68796,37.243819,2.055781,5.20121,11.293668,30.550503,1.304206,77.843445,21.209083,3.357975,48.104291,12.234258,19.916453,22.621951
8.011072,90.03749,51.435471,8.225252,58.024199,37.451842,1.941635,5.368897,9.455027,30.588547,2.859078,73.303237,21.701915,3.968822,48.180813,14.96718,20.033263,23.224776
8.355863,89.19369,52.212786,9.391926,59.522228,35.504448,0.42723,4.134937,9.811312,29.12962,2.045482,79.330412,21.135287,4.308312,46.730548,14.160133,20.051391,23.131306
6.658844,90.502252,50.221765,7.798622,59.333536,34.215606,1.45505,3.701356,9.370019,30.299432,1.733837,77.697313,20.243175,2.998724,47.952896,14.429206,20.01002,22.381628
9.126857,89.370692,48.660105,8.529265,60.029666,33.387558,1.179804,4.058029,11.903743,31.145691,2.786847,80.495653,23.222619,3.844345,48.488974,13.195187,19.979847,22.947083
8.909357,89.315851,48.932928,8.648959,60.706721,35.229487,0.908436,4.775276,9.399885,28.390061,2.409627,77.743357,20.894857,3.362723,46.873438,15.303212,20.228367,22.247714
7.722552,90.092866,48.676185,10.173355,60.496757,34.875123,2.714214,4.540826,10.412802,29.603325,2.602738,79.805475,22.001999,2.906097,48.129445,14.870203,20.682312,23.572532
8.074185,91.394243,47.77756,10.971652,59.956215,38.770837,2.216855,5.079233,8.350053,30.597414,1.35122,79.768909,21.970015,2.915431,47.82496,15.107751,20.581718,23.843313
8.352678,88.273356,48.935225,8.079047,58.714294,36.629436,1.801869,4.945885,10.333565,31.111203,1.779784,75.473101,23.064209,4.497788,46.954395,15.652909,19.866529,23.119858
7.627945,91.317172,50.402832,9.12593,60.791798,36.498915,1.593275,5.136902,9.067732,29.854665,2.411579,81.055717,20.269897,3.641242,47.838355,17.532092,19.500552,23.142068
8.561021,89.770132,48.404851,9.250185,59.970664,35.611985,1.326038,4.03816,9.624936,31.826812,1.968116,78.224448,20.619168,3.60939,48.317579,14.533766,20.113696,22.836219
8.786395,90.4149,45.118275,8.598682,59.71286,37.728795,0.720888,4.504095,10.250915,29.978531,2.625973,78.834506,21.922118,3.458143,47.132317,13.699671,19.676556,23.32168
8.376879,91.578042,46.134236,8.985441,59.296538,35.333446,0.823305,4.711705,8.025357,29.317634,1.888982,79.081904,21.908576,4.427338,47.466375,16.621825,18.931506,21.991429
9.200299,90.833261,49.254729,7.690795,60.238856,33.185256,2.271657,4.552425,12.111311,28.888143,1.361117,76.537688,19.743713,3.285996,48.078623,15.852098,19.565063,22.814902
8.95081,89.042218,50.696995,9.935258,59.048789,36.378907,2.069538,5.603293,10.960854,29.215118,2.119304,78.024988,21.912222,3.434832,47.30656,14.472117,20.42005,22.755769
7.146827,90.479091,49.649547,9.266828,59.613813,35.087101,1.281072,4.298268,11.525095,31.664123,2.160227,74.760949,22.562926,4.290064,48.525707,15.499204,20.663,23.104675
8.457199,89.749331,48.542516,9.921552,60.385218,35.36045,0.157226,5.665312,9.304672,30.296054,1.849337,77.326147,20.851059,3.420183,47.64252,13.607039,19.597512,22.372486
6.701206,89.89918,47.145461,9.129446,60.382016,36.24482,2.935742,5.481839,10.795856,28.70898,2.704061,78.569518,22.535981,3.502369,47.986665,14.21324,20.454604,22.544584
8.299784,90.905885,50.085283,8.407904,61.164135,37.342014,2.552154,4.963786,9.197148,30.00481,1.819889,79.515351,21.800465,3.920298,48.061188,15.215196,20.409774,22.666912
7.977495,91.169298,48.744123,9.519726,60.983923,35.493573,2.408244,5.004276,7.178825,31.149199,1.494378,79.251015,22.799821,3.146956,49.16856,13.664585,19.425386,22.76729
7.872632,91.010376,49.675614,8.644897,60.396516,37.110712,1.365475,5.549895,10.864729,31.56057,2.255528,78.537101,21.541416,3.655096,47.598829,14.245665,20.355689,22.205083
7.520631,89.350841,47.934553,8.744997,59.494963,33.772514,1.709601,5.115768,11.224043,30.108021,2.780056,81.258339,20.821169,3.535146,47.976541,15.411587,20.473865,23.448709
7.627214,89.974449,46.395899,7.239744,60.111158,35.458135,0.786987,5.180577,8.827938,29.010777,0.897179,77.847601,21.551188,3.319198,47.137112,14.010138,20.58528,23.244448
7.103445,89.509607,47.546547,10.448644,58.649352,38.467235,2.05402,4.877106,11.088845,31.714525,2.47909,75.833465,21.592468,3.051267,47.600432,15.152088,19.524892,23.041678
7.966386,90.65254,50.750252,9.202803,58.600104,37.110085,1.393899,5.081607,8.999659,28.882906,1.41167,77.532993,20.419224,3.749936,46.487517,16.590353,19.717396,24.009502
8.477669,89.42997,50.208297,9.181565,58.950845,37.352254,1.567935,5.485914,9.120598,30.126528,1.514452,79.674486,19.848945,4.02838,48.892846,14.259051,19.627073,22.330877
7.110585,90.155363,52.364222,9.655613,60.392729,35.321678,0.681302,5.194006,9.727473,30.842618,1.989372,80.779552,19.047718,4.224779,48.464125,15.371558,19.95661,22.991394
8.522116,89.297603,49.07483,8.532279,60.055865,33.525308,1.016182,5.083627,8.971759,29.198502,1.620148,78.119221,23.365691,2.723971,47.863964,15.762585,20.273815,23.587663
7.194194,90.172436,49.514124,9.441237,60.676338,37.252374,1.237126,4.740736,10.480126,29.965873,2.643967,78.11924,20.894227,3.808306,47.635713,14.680762,20.452865,22.74511
8.071273,88.428377,52.000843,8.448762,59.420976,37.124046,1.738162,5.380542,10.117707,29.8406,0.92081,75.981686,20.534204,3.725557,47.825262,15.655539,20.891128,22.973444
7.92929,90.258137,54.407424,9.091991,60.077208,34.429035,1.533969,3.916947,8.992269,30.052578,1.561053,78.13966,20.633885,3.802528,47.467733,15.985936,20.320948,23.715711
8.243914,92.256969,47.442169,8.906236,61.077939,39.788678,3.456188,5.676614,10.292418,30.48078,1.984117,82.167851,18.926531,2.84169,46.586852,14.261436,21.145102,23.021172
8.715562,90.175804,49.929962,8.354953,59.565362,32.193994,1.67286,5.29461,8.716297,28.712864,1.752722,79.059398,21.710832,3.421849,48.411811,14.875132,20.451683,22.583425
7.094893,89.754231,49.430694,8.452708,61.166002,38.977803,1.925303,4.521824,11.403575,30.302515,1.774306,74.779941,21.408074,4.094886,47.149546,15.132481,20.460111,23.227556
8.916575,91.072663,46.782162,9.803261,60.3647,36.002081,2.340472,4.986514,10.523129,29.679692,1.826751,77.467924,20.613401,4.058224,48.770971,16.277088,20.423467,23.688397
7.977569,89.760501,48.845519,8.790696,59.622625,37.447069,1.984496,5.172815,8.624057,30.630154,2.660928,77.240031,20.700783,3.304852,47.405466,14.998394,20.209715,23.515295
7.663757,89.805946,51.838375,8.513329,60.635599,35.556974,0.957557,5.977144,10.206833,29.711252,2.428196,76.299444,21.524109,3.374884,47.969536,16.049878,19.701415,22.345858
7.769763,90.161644,50.363476,9.121775,60.690845,36.245692,0.820775,5.843843,10.079286,31.311011,1.558386,80.267707,19.652586,3.806224,48.466682,16.507515,18.948201,24.18053
7.169938,89.838685,46.504911,9.918649,60.099884,33.371843,2.607508,5.08508,8.827686,30.61697,2.046776,77.279488,20.938644,3.328248,46.657015,15.520284,20.185863,23.212639
9.48329,88.959191,53.681467,8.984765,59.925829,35.408048,2.240389,4.711103,8.837004,29.012112,2.512067,79.030252,18.703085,3.144822,48.478255,14.148936,19.551132,23.034462
7.720867,90.45086,49.869315,9.0565,60.808076,36.105061,0.744038,3.944663,10.937349,28.890519,1.718475,79.036137,21.553834,2.868487,49.077194,17.671741,21.034022,23.299487
9.457977,89.971939,51.095162,8.324331,59.655809,38.052384,0.70186,4.599161,10.460044,28.752174,1.962491,80.649079,22.506466,3.634522,47.484699,14.88861,20.295508,23.361554
8.24272,89.130614,50.948158,9.84022,60.115112,36.996758,1.103666,4.784296,12.913784,30.922819,2.062765,79.474015,21.74159,4.232879,47.753665,16.319709,19.69879,21.830814
7.291257,89.901623,50.333529,8.7381,59.502722,34.3929,1.657212,4.104224,8.751795,29.653347,1.508458,79.380772,21.205287,2.894987,47.322443,15.91686,20.564807,22.920407
8.895447,89.306806,51.00038,9.679065,60.673911,31.971542,1.038244,4.768589,11.364774,29.101748,1.675249,73.864547,20.999607,3.000887,45.983126,15.739761,19.306432,23.819951
6.805973,90.837562,49.798665,9.742172,58.693951,33.483224,1.825294,4.73583,9.025977,31.886054,1.568403,75.881426,22.44566,3.337693,49.608984,15.852547,19.450044,22.223094
8.104388,90.531938,49.630679,9.61367,61.380636,37.163758,1.19531,5.284867,10.522179,29.708391,2.796366,78.231439,21.298475,3.476177,47.039192,15.421821,19.766179,23.272178
7.904072,91.063531,49.227412,7.99145,60.082577,35.530664,1.112389,4.803357,11.992861,29.22977,2.012436,78.402054,22.648051,3.607626,48.262322,15.417179,20.116191,22.61957
7.586976,89.245897,49.614778,8.892109,60.464988,35.68489,2.402011,4.759511,9.07559,30.61684,2.884561,75.651902,21.12692,4.003353,48.38978,13.417664,20.104219,22.312357
7.452063,88.385138,48.462968,9.330052,60.801672,38.196654,1.292435,4.035837,8.370812,30.097589,1.70033,75.125329,20.65817,3.679954,47.902137,15.924433,20.634357,22.057537
7.147146,90.763974,51.822799,9.423688,60.230827,34.371333,2.334237,4.80678,9.247263,28.815735,1.764146,76.73292,21.374643,4.096909,47.821007,16.309284,19.885239,23.331864
7.779243,90.562257,50.887142,8.391283,59.189254,32.568889,1.553672,4.424923,11.521385,31.416518,2.795726,81.503959,21.031267,3.620959,48.41422,13.89651,19.935008,23.249756
7.924089,89.387849,50.72073,8.007219,59.44886,35.939468,1.630793,4.770843,10.137652,31.697766,1.517104,79.628077,22.715978,3.306778,48.119603,13.487143,19.528073,22.579623
6.950571,90.903416,48.395497,9.988159,60.251025,34.794086,1.566608,5.516499,11.028092,31.713837,2.739044,78.759258,20.903982,3.20951,48.475412,16.320252,20.375329,23.252565
8.310184,89.953283,48.812479,9.334874,59.402383,38.907074,1.400612,5.109346,9.538905,30.128486,1.492189,76.887093,21.090528,4.539962,48.088822,14.724462,19.732408,21.681054
9.614404,89.70399,46.294183,9.128439,58.715986,36.360109,0.58814,4.363833,9.423664,29.851602,2.342491,82.628706,20.641644,3.820066,48.126187,15.683719,20.59386,23.265487
7.163415,90.000636,49.594477,9.408656,60.108779,36.256911,0.872117,4.901167,8.259002,29.589196,2.237011,76.721289,20.45404,3.445483,48.899683,14.380634,20.717829,22.632537
7.413402,89.843736,48.413783,8.596086,59.456003,35.809673,3.134708,4.250368,10.829094,28.5405,1.048833,75.819758,19.198949,3.8284,47.609506,16.667185,19.312294,23.193998
7.381584,91.047695,49.852511,7.93102,58.83523,38.60295,2.231925,4.836001,10.426324,31.140699,2.647698,77.46467,20.609988,3.749669,47.589196,14.784655,20.236227,22.412174
8.539595,90.050873,47.804936,10.696356,60.259919,35.886964,2.426883,3.765347,10.629027,29.139625,1.841857,76.493765,22.643372,3.913436,47.386708,13.649267,20.323842,22.506855
9.014239,90.470891,49.177603,9.440401,59.862147,41.049325,1.62755,4.288596,11.182125,30.919656,1.774345,79.358305,20.342832,4.686245,48.128653,13.972725,18.258146,23.473902
8.604192,89.20863,47.651459,9.261991,58.930589,35.827558,1.570268,5.044669,10.217879,30.732493,2.099694,78.547471,21.404759,4.087887,48.434442,16.01396,19.164597,23.073531
7.597185,89.564689,52.841815,9.170954,59.581467,34.775779,0.919803,5.333414,9.808376,28.779837,3.513404,80.975871,21.542189,4.326235,47.709783,15.411851,20.750454,23.237258
7.664759,91.107016,49.286689,7.581476,61.368006,32.992002,0.237579,5.000941,8.291467,30.10456,1.656203,79.202524,20.874064,3.568773,48.585467,14.911874,20.491932,22.647479
8.315924,89.31782,50.946374,8.102499,60.444559,37.256103,1.419061,4.893586,10.457191,29.287494,1.760178,76.432558,20.560704,3.422512,48.367568,14.907187,20.263478,22.716449
8.853744,90.35069,50.276792,11.115157,61.387303,37.830538,2.068854,5.370753,9.406733,30.589667,1.907088,79.344941,20.428502,3.58339,49.149513,14.098411,19.920553,23.251942
7.138645,91.290015,47.274228,9.579915,60.210575,41.859571,-0.02974,4.953421,9.853689,30.977546,2.338979,78.535655,21.061058,3.0487,47.169276,14.86439,19.071455,22.854845
8.783295,88.558585,50.632171,8.949946,59.167254,37.91584,3.022876,4.609572,9.524409,29.959348,2.006249,77.477037,20.048034,3.141389,48.346034,17.515694,21.367244,23.27107
8.201285,90.217284,52.226095,8.899546,59.526313,35.572583,1.078807,4.391796,9.432667,28.185632,1.419667,78.333852,21.85344,3.144839,47.054448,16.980442,21.300925,22.902044
7.734501,90.165122,47.379931,7.539304,59.495562,35.052836,1.070426,5.655342,10.830743,30.799282,2.140623,77.712262,18.974625,3.876942,48.789694,14.331859,21.698296,22.410258
7.974544,89.927104,49.967165,10.183715,60.443839,34.925026,0.933868,4.62952,8.151531,29.465101,1.557064,77.138534,20.879557,3.9816,46.558793,13.756978,20.354304,22.836991
8.972493,89.980987,49.149991,9.130154,60.047839,32.962474,1.825662,4.388886,10.089113,29.476986,2.575334,79.307179,20.475293,4.001805,47.328886,13.862851,20.46778,22.728452
6.60063,89.455226,48.745249,9.078327,61.186281,35.864601,1.239837,5.342494,10.976301,31.732581,2.553809,78.320543,18.271555,4.268389,46.955815,15.602895,19.584363,23.567278
7.325639,90.674875,51.730137,8.110011,61.276954,34.334759,1.549597,4.50121,9.813004,27.391579,1.832664,78.906532,21.29182,2.602455,47.03158,12.286185,19.664469,22.904089
7.038278,90.833506,50.394984,7.939722,60.295649,35.64587,1.204192,5.372128,8.904876,29.248098,1.271329,75.888531,20.60293,4.54022,49.159415,14.447749,19.853105,23.094607
8.036468,90.792795,48.442876,9.627202,59.673188,37.573094,3.010211,3.721745,10.261843,29.161764,1.966448,81.112815,21.022122,3.722646,47.950923,15.289598,19.982048,22.878527
9.265828,90.419478,48.008786,9.111492,58.590232,35.492652,2.096109,5.43827,9.413311,29.202776,2.456108,77.793856,20.409777,3.653008,48.611733,14.762796,19.961111,22.674436
8.077161,90.218521,49.494841,9.970438,59.763666,35.49837,2.791419,4.46242,10.16583,29.269381,1.922197,79.636051,21.056882,3.360138,48.347007,15.477335,19.743753,23.451789
7.477774,89.56651,45.247345,9.222937,60.307432,35.035786,1.298461,4.988363,9.878201,30.873082,2.521874,76.1788,20.894657,3.051683,47.847722,15.839887,20.446948,23.255725
8.330639,89.88251,45.612399,9.686404,59.636666,34.189742,2.121867,5.544848,11.24616,28.674619,1.335791,74.867449,20.857067,3.22746,48.559728,14.51411,20.151133,22.828942
8.817281,90.153519,53.338995,9.528449,58.428569,34.837191,2.518229,5.407018,10.981468,30.000505,2.044227,79.051745,19.272848,2.848832,48.558009,14.918482,20.64703,23.33511
7.369886,90.109776,47.07324,8.396084,60.096857,40.344267,2.911323,5.504053,9.568204,31.295008,2.933094,79.390626,21.009184,3.987869,47.564173,14.656751,20.592882,22.532256
8.741027,89.652263,50.643096,9.611892,60.905657,35.374281,3.172332,4.701961,9.62578,28.943932,1.643022,75.580078,19.914882,2.816459,47.262535,16.588367,19.775697,22.888021
7.04237,90.599281,47.587727,8.82395,60.207247,35.403834,2.920856,5.127845,8.652655,31.254906,1.923524,82.934182,20.947356,4.055603,47.894384,12.616155,19.395119,23.428887
7.905345,90.424684,49.514298,8.531643,60.013527,36.447265,1.730975,4.910223,10.736149,29.152777,2.56125,76.31781,21.618578,3.406154,47.421631,15.468303,19.539036,23.281122
7.728223,90.633069,49.039035,9.666542,59.574719,37.388492,1.75608,5.612189,9.775165,28.76852,2.65586,75.779638,21.453141,4.11115,49.831882,15.124755,20.602774,22.64888
6.240917,90.3582,52.881807,9.22544,60.047321,35.700096,0.768158,5.175637,10.625745,28.691439,1.687335,81.412273,20.079305,2.649839,48.582508,15.500763,19.721694,22.776967
7.908159,89.402842,47.942818,8.061773,57.992151,37.980093,0.944365,4.507256,10.033362,30.046086,1.995936,78.497572,20.365755,3.959098,49.471634,13.992461,20.021703,23.328297
8.023576,90.674169,51.393771,9.130064,61.054037,37.638497,2.283508,4.548903,8.876367,29.509964,1.165474,79.422732,20.630595,3.505085,47.058497,14.401472,19.83102,22.517288
8.587427,90.022679,51.74113,7.756934,60.239493,37.588916,3.209064,5.284402,10.417513,28.878333,2.136519,79.409519,21.621678,4.148778,47.188852,15.570268,19.904309,22.074896
6.346372,88.937409,47.868456,8.85231,59.503497,37.518664,1.333104,4.050868,8.922834,29.95178,2.188644,77.523458,21.424377,3.724171,47.81924,15.958425,20.18661,22.780122
6.898456,90.224137,47.682303,8.522486,59.352168,38.657003,0.75109,4.714397,10.721703,32.10186,2.22567,80.521135,21.140882,3.234419,47.122471,14.397737,19.7464,22.318171
7.188573,89.327603,48.052178,8.936396,60.757589,37.972328,1.697659,4.85869,9.711656,32.016166,2.217603,77.149152,19.762218,3.436097,47.116346,14.240307,19.536031,23.105883
8.511821,90.66442,47.987098,7.606014,61.177544,39.458798,2.202454,5.206644,10.122876,30.151742,2.537925,80.748381,21.976941,3.721833,49.011799,16.179702,19.902855,23.470223
8.250386,89.038048,50.897739,9.992511,60.492055,36.109319,0.963389,5.244208,9.775877,30.632078,1.537836,77.96946,21.918485,2.135461,48.833969,15.793325,20.520118,24.142952
7.759103,88.794113,48.392077,8.577397,60.333935,38.529032,1.197496,4.674716,9.584073,31.327253,1.719174,78.147622,20.70041,4.318517,48.818611,14.566624,20.177848,22.763139
7.277499,89.605266,48.052775,9.680928,59.932206,37.655751,1.276014,5.190371,8.53558,29.461743,1.848244,80.489326,20.519564,3.760804,48.772757,13.951257,19.706533,22.696215
7.214739,88.334965,47.364654,9.77435,60.121625,36.366963,2.498945,4.380661,9.805041,28.973578,1.773333,79.529921,21.383774,3.56297,48.93954,14.782465,20.094141,23.181593
9.069294,91.988882,49.321096,8.730662,60.037224,33.610685,1.296173,4.99796,10.166936,31.110382,2.475241,78.792978,17.485793,3.330259,48.132591,14.113553,19.663879,22.572428
7.135289,88.201539,49.893812,8.908583,59.050625,35.064959,1.185604,4.273101,10.572153,30.49771,2.026005,77.627392,21.597259,4.184097,47.055067,14.767686,19.990152,23.371593
7.639258,89.399443,54.662143,7.961728,61.103595,35.663249,0.300805,5.110125,9.161408,30.395695,2.790761,81.07186,21.33087,4.730378,48.667305,15.195648,20.051607,22.99025
6.48777,90.45147,52.072236,9.455887,60.238201,37.100004,0.848259,5.856559,9.303748,29.249994,0.93373,81.001367,19.91691,3.87631,48.064753,13.718072,19.923194,22.58008
8.358203,89.899606,48.818493,8.988344,59.607374,34.127038,1.736224,4.771465,10.463595,29.624907,2.504137,77.986024,20.04003,3.462702,49.285531,16.360499,20.403285,22.847516
8.677097,88.85789,49.520128,9.427375,60.386768,40.931562,0.578135,4.607695,9.288506,30.478824,2.076557,81.256386,19.492086,4.539932,49.440687,14.707486,20.921433,22.715864
8.347413,90.007719,50.266615,8.466454,61.278354,35.608246,1.096933,5.848005,11.138424,31.771498,2.966936,76.987542,20.991521,3.917641,48.406602,16.605124,19.598471,23.370284
7.574665,89.241659,47.615753,8.411165,58.990394,32.641582,2.178779,5.335557,10.631431,29.248206,2.07235,75.527275,20.664423,4.018723,46.463942,12.887802,19.700477,23.521021
8.314656,90.617064,48.871902,10.156784,59.444919,35.956466,-0.003587,4.690604,9.902496,29.36466,2.71421,80.268873,21.623829,3.772035,47.815295,15.395753,19.409254,22.555921
6.896865,90.630669,47.536274,8.348518,60.229547,35.720518,1.949445,4.847725,10.784143,28.579448,2.434457,79.600022,20.639208,4.288507,48.490957,15.571885,20.512514,22.542692
6.966193,90.207974,49.83005,9.714207,60.30738,31.580523,2.097313,4.933458,10.593547,28.854264,1.78881,74.457783,19.620367,2.45005,47.86759,14.105689,20.076922,22.961312
7.314897,89.470445,50.509587,10.808247,59.480263,31.459843,2.345602,4.66385,11.176955,29.627849,2.616826,78.269816,21.000602,3.421252,48.864458,14.236112,19.65187,22.446732
7.572589,89.847808,50.019045,7.549908,60.366771,35.122554,3.411756,5.432997,9.137124,29.141306,2.542436,77.980925,22.397003,3.347564,47.177441,13.830937,20.416782,22.882642
7.828021,89.771023,51.610266,8.900528,58.98679,38.677135,1.05104,5.530009,10.437986,29.414659,2.688118,80.558891,19.647103,4.064091,47.811727,15.724709,20.090735,23.117982
8.64922,90.612783,50.831358,10.006119,59.845626,35.544041,2.41675,4.833656,8.70855,30.831008,1.752192,80.749948,21.774773,3.53422,47.837397,14.901107,19.495366,22.500796
7.13857,89.450802,48.295595,8.804951,59.943995,36.010132,2.091998,4.914486,10.959956,29.245184,1.190477,75.103001,22.191182,3.467383,48.888336,15.815306,19.904583,23.387814
8.808303,89.577197,51.94189,8.280312,58.641543,37.430719,1.484542,5.055213,10.79684,31.715743,0.538386,78.967707,20.380746,2.920857,47.864219,17.601227,20.405584,23.644045
8.083326,89.706555,53.671111,9.066133,60.568254,35.510501,2.273288,4.360855,9.376263,28.502267,1.74732,82.594876,22.288216,3.048757,47.055928,13.792119,20.901594,23.021967
7.05562,90.136933,51.352843,10.508689,60.732382,34.365685,1.184264,4.875053,12.230619,28.320061,2.077507,80.257465,20.508162,4.083942,47.214276,15.071291,19.657107,23.429658
7.886423,90.713648,49.767636,10.649106,59.411571,37.033634,1.576181,5.193614,9.915219,30.986111,2.130027,74.34114,20.364846,3.22003,47.286822,14.787493,18.973454,22.92488
7.896463,91.406507,50.979965,8.513099,59.670491,36.252835,1.506383,4.182924,11.452776,29.631325,1.557903,78.996027,20.08949,4.076969,49.049596,13.741466,20.007805,22.61808
8.808076,90.083798,50.804935,9.443089,59.86451,34.621188,1.179146,5.293539,8.881016,29.72228,2.216099,75.772733,20.680549,4.003013,49.38269,15.341602,19.611436,23.593859
7.518388,90.008947,46.946671,9.327313,60.008579,34.225337,1.146284,4.944687,9.739758,31.273313,2.169364,79.391675,20.962902,3.517017,47.33066,13.770912,21.500593,22.752874
7.177834,90.744359,50.609779,9.84272,60.73587,35.751613,1.911473,5.336077,10.318482,28.443597,1.682627,81.623333,21.086406,3.079851,47.103113,15.138852,20.340476,22.874775
9.004302,90.609962,50.93208,8.12529,59.564426,35.28362,1.779937,5.324434,10.387177,30.637186,2.128556,80.29507,22.535653,3.933647,47.179149,15.565488,20.580783,22.097598
8.435606,89.690293,51.690092,9.888285,59.430803,36.601976,2.46536,3.463078,11.213551,30.18323,2.257164,77.053431,20.965881,2.856885,47.915137,16.612896,19.488141,23.268568
7.116557,90.988993,46.465907,9.40035,60.233259,33.75762,0.369471,4.134468,9.726548,31.187508,2.019154,75.47197,22.106363,3.269917,48.658088,14.81427,19.787727,23.26445
8.783874,89.604836,50.669262,9.615743,60.173762,36.001486,2.842335,5.539359,8.572263,30.057829,2.144768,76.943201,21.552625,3.691427,49.024092,13.385382,19.368959,22.978032
7.114285,90.744809,52.855427,8.623073,59.868505,36.212948,1.859426,4.475953,9.797795,29.811442,1.684574,79.064548,20.545776,4.192812,47.871641,14.926835,20.095931,23.246478
7.997115,88.961168,49.71832,8.313236,59.901495,36.566805,1.889859,5.535349,9.576717,28.564066,1.611019,77.669497,21.324738,3.964816,46.409513,14.50398,20.444875,23.023798
7.759652,89.134185,48.840246,8.939808,60.311509,37.259519,1.617468,4.223803,10.731203,29.303192,2.876564,78.451466,22.70613,2.778543,48.682572,17.05399,20.156508,22.022685
7.35596,90.028431,47.683302,7.540014,61.011907,35.890943,1.814781,6.16221,11.348609,29.425329,1.905177,81.113568,19.329385,3.979576,47.93776,15.395542,19.531533,22.577308
6.990814,90.360199,47.793905,10.573502,58.789436,37.824486,1.268814,4.215804,9.74655,31.728266,1.550233,77.528681,20.692748,3.357318,47.558921,16.374936,20.425237,22.828624
7.739067,90.842092,48.808922,8.693426,60.732191,40.837505,0.418338,4.482708,9.770665,30.795129,2.045725,78.830474,22.645372,3.889537,47.469146,14.511095,19.511826,23.491227
6.198475,88.957477,49.400002,11.13837,61.049794,34.888681,2.124302,4.452103,9.818895,29.267307,1.335078,81.33219,20.052089,4.328396,47.924034,14.842701,20.1285,23.617855
7.80801,90.481109,49.856057,9.842258,60.768396,38.027875,1.821691,4.664215,9.272331,29.645422,2.090245,77.777768,21.319788,3.678137,48.464114,14.973508,20.034784,23.27638
7.737505,90.762668,52.396033,8.572129,60.026475,34.611173,1.021616,5.215967,10.499894,28.13011,1.343053,79.569212,19.816666,3.671553,47.534156,14.341506,19.83781,23.278146
8.326788,89.111671,49.364666,8.945463,59.147036,34.757714,1.874052,5.844676,10.126134,28.889567,2.372592,79.429518,20.083416,2.820148,48.219415,14.615428,18.996118,23.217901
7.877758,89.500447,51.113378,8.516225,59.270143,40.191497,0.400833,5.032048,9.216498,30.099551,1.518089,75.435399,20.778332,3.823278,47.882574,16.367374,18.991361,22.567394
7.68226,89.162942,51.001991,7.973391,59.368273,34.9893,0.270531,4.512084,8.908,29.789323,2.112421,74.824604,20.911042,4.360794,48.040936,14.90799,20.228131,22.557522
8.564485,90.418486,50.682005,8.55282,59.317048,34.819845,1.226634,5.293441,8.659424,31.137204,2.312374,79.0509,21.808778,4.09072,48.206578,13.056083,20.363911,23.357457
7.898982,90.204688,47.1227,10.224452,60.179734,34.183411,1.445487,5.297118,9.861698,29.361254,3.026046,75.752328,22.147043,3.259862,46.762507,14.587326,20.749367,23.045568
9.390119,89.952596,52.958116,9.430999,60.432454,39.025766,0.870846,5.206831,10.006374,29.729364,2.150599,76.776347,20.348729,3.433955,48.40986,14.960514,20.40022,22.99678
7.303589,90.084934,48.536125,8.651695,60.618673,34.451775,1.109617,5.155598,8.467403,29.826374,1.754422,77.601161,22.419069,3.736164,48.030062,13.961805,19.668513,22.714892
7.457906,89.530599,48.888592,9.951813,60.961607,34.418337,0.809699,5.233117,10.478579,29.805104,2.319653,78.628718,20.41628,3.965756,47.812785,16.21529,19.212145,22.624844
6.787845,89.513349,52.064354,8.859791,60.075744,39.173175,0.600419,4.061024,9.41442,29.693537,1.45435,79.12147,19.182329,3.163334,49.280772,15.44592,18.894294,23.0707
7.994636,88.505141,50.451188,8.825444,59.908769,35.461249,0.353875,4.956578,9.509634,29.968785,1.722399,77.198777,20.993081,2.976374,48.402006,15.219243,20.141149,23.135534
7.869771,88.782597,52.478148,9.196352,58.996599,37.274834,1.004333,5.593278,9.826288,30.359365,1.691299,76.826607,22.06421,4.155393,48.814476,16.645526,20.546889,23.346612
7.750034,89.796537,52.031113,8.591721,60.738432,38.814804,0.118582,4.793329,11.256553,29.468114,1.557325,75.830402,21.477274,2.930026,49.651723,15.551033,20.301694,23.197339
8.256898,90.538906,48.096719,8.891641,60.793585,36.307294,1.506269,4.298755,10.434638,30.142138,1.400555,78.804333,21.861961,3.501401,47.609918,15.69012,19.279999,23.135859
9.139742,89.154733,53.260526,8.628142,61.018416,35.058251,1.48325,4.490052,9.923017,30.87452,2.010555,80.183879,21.385278,4.084712,47.479835,15.493943,20.200317,23.284318
8.233966,90.476248,48.627645,9.031134,59.472172,35.184941,1.88933,5.571019,7.601721,30.01985,1.9117,77.835738,23.806521,3.278099,48.250504,14.997902,20.532947,23.226072
7.880222,90.593099,47.749728,8.986712,60.146606,32.716836,0.939076,4.709409,10.640258,32.06627,1.510077,81.368344,18.539569,3.355364,48.366127,15.571092,20.453169,22.534201
7.971059,89.606657,50.070601,8.308088,61.441653,35.748365,1.17839,5.529248,10.951922,28.354843,1.443726,80.614188,19.877228,3.767847,48.272336,16.213273,19.830375,23.256299
8.073747,90.324739,50.227103,8.271567,60.050707,35.604275,1.275905,4.946655,9.183102,29.712318,2.356824,77.717257,20.170098,3.736647,49.206328,16.851131,20.412644,21.920738
8.994493,91.440419,55.466465,9.173456,61.161926,32.998788,2.752186,5.334757,10.081169,30.839023,2.726203,80.421778,20.354883,3.443327,49.036549,14.196795,19.495852,23.3672
7.200344,90.588911,50.668013,8.910553,59.634423,35.213742,1.084518,5.063098,10.972955,31.093134,1.770128,73.328475,22.240213,3.529984,48.221591,14.13357,20.645713,22.911331
7.605931,90.866443,46.750675,9.43599,59.83079,36.835851,1.398354,5.185828,11.39912,29.465492,2.030572,78.05468,21.447304,3.285968,47.680793,15.465693,19.979564,23.25905
7.318005,89.684663,50.117177,9.816023,59.407652,36.402271,-0.886039,6.291098,9.508893,30.835705,2.483531,80.184482,19.284304,3.389628,48.639388,16.610631,19.995775,22.942528
8.589655,90.477845,48.85454,8.729874,59.233808,34.530549,2.391121,5.598124,9.219107,29.733272,1.100121,77.381879,21.101221,3.331393,48.226055,13.580381,19.945332,22.474365
8.878513,90.479907,49.307336,9.296804,59.462848,42.524242,0.775803,4.656588,10.409481,30.023732,1.925551,79.054387,22.833682,4.495858,47.916127,14.307706,19.35746,22.325153
9.131405,90.889182,50.322954,9.714347,59.573287,36.980129,0.067692,5.199682,9.750857,29.281454,2.447491,76.905688,21.091819,3.039013,47.553854,16.127833,20.40249,23.468323
8.276273,90.175569,50.500452,8.972963,59.136135,37.117141,2.801132,5.789682,10.084835,30.470292,2.459612,74.966405,21.236799,3.364441,46.636945,13.107454,19.572899,23.246471
7.120328,89.671353,49.907357,8.671287,59.943604,35.628238,1.121047,4.613342,12.482435,29.779742,2.319313,76.081975,20.539066,2.600772,48.412632,15.65081,19.554633,23.016062
6.71011,90.726069,48.834761,9.729111,59.106174,34.447739,1.28694,4.249216,11.774458,29.023807,1.019915,78.861886,19.318619,3.04072,47.9877,13.763079,20.460728,22.679501
8.481771,91.267376,50.682846,8.184106,61.121513,33.572356,2.308298,5.228688,10.25762,30.612668,1.872563,77.496866,20.417729,3.452841,47.826499,15.33378,19.579541,23.781241
8.838788,91.230492,46.792535,8.769421,61.750335,36.96845,1.499607,5.75181,10.334865,30.345398,2.151554,75.866093,19.527367,3.126838,46.906954,15.022513,19.24169,24.010524
6.800376,89.215797,51.092955,8.118299,61.676534,39.779614,0.251532,4.77195,9.496939,28.995319,1.281152,78.372486,19.224441,3.761414,47.461331,13.713025,20.518855,23.204544
8.153684,90.270227,51.421357,9.744748,60.253751,36.33691,0.670557,5.352911,9.462632,29.532881,1.965427,80.446094,20.858377,4.646727,47.83201,15.624416,20.617102,22.95037
8.851924,89.901421,48.246858,9.340961,60.20021,36.553854,2.979639,4.779157,12.191014,29.154693,2.653989,74.733373,23.187707,2.595269,49.09179,16.235683,20.528899,23.60361
8.17174,89.867451,51.117625,9.512742,61.068435,39.617168,2.228757,3.849721,11.766436,29.304673,2.228884,76.143363,20.470024,3.114244,47.996451,15.712673,20.283085,23.319843
9.383496,89.87895,47.916922,7.963709,59.831359,32.673911,2.223479,5.332061,9.521121,29.622787,2.607912,76.080953,17.996936,3.243275,48.273639,14.721408,19.782064,23.410919
7.171332,90.44952,51.114204,8.02523,60.056581,34.127687,1.778233,5.355665,10.650901,29.210064,1.853628,77.000334,21.323514,3.320578,48.40092,14.630564,19.938634,22.808493
6.196586,89.750505,48.100428,9.69847,58.820929,34.841812,1.832196,5.777902,9.368667,30.139358,1.869177,74.935096,21.831719,3.452646,47.252013,13.312462,19.690262,23.832413
7.310607,90.854072,49.810787,9.459917,59.486928,36.704497,0.778077,4.894095,10.989741,28.529563,2.058977,78.673018,21.051517,3.641471,47.74063,14.932086,20.118835,23.184005
7.690466,89.085029,48.985553,9.585337,59.579627,34.432086,1.512385,5.427172,10.359163,27.707189,1.98564,78.697992,20.353848,3.582246,47.930515,15.020144,19.94664,23.963086
8.059073,91.458125,47.259578,9.149559,59.474657,34.952633,2.629326,6.070985,10.412051,30.583467,1.841092,76.84382,19.674462,3.487623,48.688388,15.217536,20.124475,22.555096
8.119004,89.801921,50.183446,10.315595,60.124107,38.088226,1.819325,4.059909,9.902814,31.494663,2.099417,79.105816,21.120039,3.61888,46.886439,14.011133,20.606259,22.804354
9.311631,90.283432,52.171314,9.156794,59.667115,37.67068,1.305649,4.466287,10.46062,30.206541,1.477927,72.54044,22.784566,3.584201,47.700389,16.240326,19.419346,22.57671
7.410429,90.115322,50.50059,9.179705,60.368037,35.625052,2.309552,5.473496,9.887116,30.556701,0.73362,77.546544,21.521643,3.925185,47.57549,17.031199,19.87834,23.326487
8.196205,89.374978,49.210567,8.643311,59.371784,33.993484,2.221046,5.106308,8.836893,29.472467,1.13169,76.899199,21.157553,3.600386,46.884606,15.323299,20.536435,23.973806
8.551368,89.503868,49.095979,8.549686,60.762916,34.860609,2.124363,3.910565,9.411427,29.294279,2.058721,78.368578,20.883084,3.935548,48.92557,15.389093,19.711261,23.715363
8.434036,89.343699,49.992595,10.44231,59.088019,37.725578,2.667798,4.5028,10.870188,30.020855,1.632937,78.680787,21.140165,4.255751,48.426506,13.136347,20.420094,22.221169
8.128425,90.054066,51.468811,8.999403,59.512422,37.446744,3.119077,5.523876,11.653438,29.8752,1.235805,79.862879,21.488138,3.580071,47.777283,15.342504,20.491047,24.173588
8.08266,89.899895,52.79857,8.628566,61.002088,38.335262,1.308322,3.687115,11.660168,30.856551,1.502009,79.162768,21.310923,3.356507,47.602356,15.480553,19.591078,22.485781
7.930415,89.936842,48.166993,10.424665,60.554565,37.28635,0.557807,5.267769,9.540141,30.779529,2.199465,77.834708,20.484243,4.038802,47.529941,15.572463,19.612841,23.063014
8.20138,90.488908,50.062855,7.824195,60.535826,35.243415,2.068719,5.747432,8.399392,30.160615,1.774554,80.031906,20.765555,3.394307,48.633831,16.824569,20.642502,23.477714
7.524529,88.500792,46.934645,9.08316,59.39468,32.291288,1.610748,4.710261,8.752441,28.728047,1.265583,80.191123,20.92576,3.63952,46.894756,15.271038,20.318906,23.302204
7.428789,89.200034,52.387902,8.372798,59.559668,37.212414,2.848559,5.465023,10.308042,30.771818,2.252575,77.046903,19.36258,3.812611,47.648243,14.630476,19.966871,22.685906
7.650122,90.952069,50.063019,11.600767,58.985953,37.443975,0.517167,3.970153,10.099449,28.300723,2.070684,78.996719,21.949068,3.468548,48.044565,16.074865,19.988319,22.958968
8.638227,90.250125,44.967493,8.390213,59.701262,37.760033,2.538206,5.859611,10.935018,31.191002,1.458582,75.46111,20.416756,3.082562,48.769327,16.797015,20.619201,22.680919
7.931523,90.726694,48.059364,8.211218,59.030491,36.133537,0.54402,5.394485,9.831404,29.075836,1.885632,72.258641,20.14894,4.031776,47.555549,15.117746,20.384038,21.821877
8.03983,89.933008,46.914283,9.304669,59.95518,32.938753,2.64221,4.529416,12.291759,30.447425,1.240573,77.037704,22.961886,3.985722,47.9911,16.249439,20.576596,22.37794
7.139196,90.409154,48.005647,8.696931,60.888142,34.744879,0.780869,4.650477,10.52593,31.215366,2.674503,78.253604,21.249673,3.743214,47.941052,14.354687,19.952118,23.031932
10.2426,89.268502,49.559841,9.487618,60.024825,35.463007,2.724267,4.36855,10.096902,28.598121,2.048924,80.405082,20.472653,3.437537,48.733765,13.682178,19.284178,23.233952
7.937694,90.328176,50.866241,8.887436,59.435954,36.74065,1.826764,5.435754,9.394621,30.364362,1.796801,80.681699,21.995063,3.900309,48.306622,16.07272,20.003105,22.366487
7.704637,90.157096,48.003758,8.317674,59.263536,35.929615,0.372087,4.332775,8.510253,30.122022,1.520404,76.732174,20.489826,3.005763,48.188096,15.052933,19.974936,23.276636
7.493617,89.804523,49.737788,9.999119,60.146627,40.535462,1.446252,4.991789,9.808429,31.024922,2.288692,76.675165,21.176855,3.23795,47.288361,13.148271,19.66992,23.742228
9.334526,89.371817,49.966721,9.607035,59.510861,36.245497,1.38712,5.293715,9.158478,30.336712,1.213648,76.59281,20.434401,4.465723,48.132957,13.74737,21.43677,23.072682
7.955437,90.370714,50.129058,9.687029,59.698592,37.034089,1.124391,4.637626,8.191635,31.376192,2.116752,72.332767,19.798647,3.831538,46.734932,16.533099,19.844474,23.291297
7.074822,89.011404,46.540374,9.642858,60.705619,34.949242,2.030021,5.243669,8.945017,30.913631,0.428594,76.397941,19.887937,3.099006,48.73648,16.957706,20.446529,23.479269
6.258566,90.43291,54.316568,8.708898,60.202945,35.878682,1.10199,4.469143,10.034421,30.175641,1.455671,81.688276,21.450167,3.71725,49.40934,14.696934,21.41657,22.71186
7.876489,89.660267,50.100106,8.619498,58.837378,36.230476,1.723936,4.85444,11.355745,28.269029,2.009572,73.693788,20.802963,4.435913,46.974644,13.413586,19.903468,22.465633
8.573384,90.841891,50.315957,8.779106,58.655761,34.433281,0.498208,5.160129,10.846865,30.219858,2.712831,78.047582,20.890764,3.188365,48.441193,14.741241,19.50586,23.428265
7.32543,89.371288,48.972267,9.883057,60.406852,36.429357,1.935146,4.618834,9.153831,30.34702,2.167197,80.109147,20.604854,3.174379,47.098783,15.133472,19.961795,21.63891
7.595534,89.509684,54.046594,10.630359,59.054371,36.076177,0.797741,5.831638,10.851736,29.037516,2.465174,76.688754,20.88522,4.199085,47.207216,12.619452,19.296247,23.495534
7.479278,90.688637,50.267992,8.727084,58.027263,37.032069,0.739888,5.258391,9.252869,31.088484,2.361974,77.171351,20.934859,3.201002,48.463224,17.336823,20.745583,23.170707
9.710065,90.263704,47.562358,9.218399,59.26291,36.898123,1.861934,4.543982,10.964701,29.613435,3.363118,77.414208,20.424703,3.83927,48.92305,16.317576,20.372897,22.702965
8.113533,88.171576,46.561302,8.757205,58.273918,38.615026,1.304511,5.280813,11.610483,30.050126,2.667807,83.430728,21.366142,2.93817,48.251299,15.355126,20.147003,22.687175
6.869836,89.681753,51.313074,10.698379,60.140973,33.738517,1.603117,4.829796,11.63772,30.397543,1.270775,80.651456,22.477628,3.20664,48.095921,14.623225,20.329275,23.19379
8.566031,90.471102,50.564097,9.057469,59.909121,31.82326,1.130398,5.220344,10.13496,30.369021,1.251457,79.39146,20.117803,4.495513,47.5206,14.912149,19.577697,23.11159
7.77344,90.685074,46.35528,8.824528,60.603447,35.381915,0.717638,4.600648,9.880383,30.641653,2.119917,75.897247,21.20939,3.722264,49.673489,15.797119,19.860836,22.976867
7.016732,89.387719,48.455726,10.21022,59.459273,34.748766,0.696347,4.892466,9.679214,30.123762,1.842969,75.238277,21.075386,3.54311,49.256277,15.781819,19.685171,23.366462
7.792456,88.678193,50.710688,8.860203,60.509221,33.852591,2.032344,4.989207,10.185065,30.63066,1.604329,79.756758,20.272934,3.608104,47.715838,15.828962,21.445747,23.23603
7.925334,89.396475,51.264567,8.628566,60.92259,35.068763,2.523859,5.275022,10.639426,31.033799,2.30897,77.10718,20.5946,4.225431,46.947349,15.541165,20.541232,22.666221
8.088217,88.850121,49.969572,10.217842,59.517815,37.603288,1.305983,4.883249,11.108763,30.401155,1.428494,76.309374,21.815557,4.786001,47.92031,16.295019,19.657077,22.070776
7.707364,89.789779,52.11131,9.712283,62.341862,36.246662,0.76579,4.952146,10.53266,31.502467,1.812385,78.799828,21.967839,3.568262,48.310961,15.20322,20.626751,23.939405
8.503101,90.222634,52.422025,6.054899,60.45318,33.468733,0.475859,4.338567,9.092877,29.265051,1.208996,78.426167,22.582293,2.980065,47.920262,15.274394,20.245249,23.112576
7.379872,90.282273,50.907283,8.506236,59.500264,35.199052,2.075136,5.155222,9.572047,30.670447,1.767042,81.700522,20.466339,3.188657,49.016657,15.414883,20.223643,23.597996
7.353651,90.316144,48.734688,7.94801,59.06054,35.508642,0.744227,5.343646,8.181211,31.255172,1.854753,79.098609,20.965448,3.560547,45.865245,14.816535,20.66192,22.630567
6.730616,90.892686,46.222463,7.881175,59.781485,37.044425,2.459673,4.997672,9.033585,29.520399,1.77251,76.40272,20.598618,3.896936,48.958554,15.992833,19.146182,22.490301
6.543754,89.577669,50.813165,9.124639,61.461532,36.426359,1.052353,5.209753,11.663724,28.313252,2.20173,74.453021,21.939848,2.982379,48.876166,14.337968,19.608131,22.73687
7.316787,89.66647,51.060414,9.514217,59.819414,33.760527,1.814898,4.048628,9.675549,30.86134,2.057018,80.231798,19.54317,3.777646,48.202721,14.899418,20.111447,22.174501
7.273937,88.631553,50.794031,9.070347,60.327311,36.694837,1.377319,5.188323,9.868236,29.114981,2.306884,76.873647,20.465248,2.743662,48.572818,15.382394,19.734009,23.724924
8.351856,89.812689,49.523435,8.886196,58.598243,38.194834,0.676463,6.430936,10.244751,29.598559,1.817991,76.294563,22.276975,3.977687,49.171847,14.954479,20.113827,22.771789
8.73378,89.478998,47.871799,9.451378,58.95219,34.145355,1.266135,6.059328,9.472047,30.726065,2.255092,79.868652,21.391366,3.304498,48.644979,15.043941,20.224436,23.034301
7.575518,89.50788,49.442212,8.9874,61.08634,37.285832,1.782268,4.878956,8.420679,29.436764,2.155527,76.210657,19.042275,3.791963,48.464838,14.199504,19.12943,22.967312
8.277888,90.59849,49.560871,8.862949,60.664681,37.971949,0.631601,4.649955,9.765123,32.036487,2.516307,80.077368,20.659228,4.613774,47.237864,16.438551,20.186199,23.301852
8.069331,90.431026,47.93011,8.739429,60.206583,36.880218,0.453993,5.173185,10.735741,29.472172,2.340991,76.5937,22.037751,2.62256,46.905551,16.117151,20.6481,23.14619
9.11349,88.116272,48.342872,7.919317,60.253299,38.074043,3.763974,4.864067,10.589006,30.846586,2.061069,80.912101,19.950101,3.867478,47.694482,15.076177,19.024706,22.825966
6.874138,91.870802,50.219333,9.877258,59.00056,34.44176,2.608766,4.345268,10.940719,31.557435,1.731131,79.006876,20.465933,3.791972,48.916345,14.269958,19.627482,22.912331
8.858216,89.516067,48.891699,7.983641,59.60812,35.610091,2.495769,5.617794,10.432564,31.576321,2.058279,76.675071,22.83446,3.885412,47.887646,14.853009,19.922359,23.966817
7.197797,90.519889,49.653021,8.488231,60.524008,36.424517,1.627805,5.343466,11.785989,30.348511,0.879362,75.769689,20.70938,3.591967,47.769418,14.76355,19.995097,22.309682
9.29535,89.913915,50.366667,9.081264,59.148605,38.779457,0.819707,5.165644,10.473074,30.991909,1.433491,79.039811,21.609204,4.039186,47.273281,13.542082,20.902817,22.8485
8.536811,89.284191,47.817394,9.742312,59.752538,36.88803,1.691418,5.722486,9.876042,29.919944,1.563209,75.348521,21.655432,4.14053,46.585963,16.436398,20.328313,23.197611
9.155192,90.77281,54.103523,8.916431,59.475948,33.651521,2.827755,5.142879,9.645886,29.869898,1.324991,78.820114,19.845511,3.386413,47.817857,14.688742,19.703155,22.451779
9.22993,90.818608,47.260645,8.657738,59.234993,35.787011,2.483006,6.242776,8.378941,29.039074,2.48885,78.869275,21.390169,3.047932,48.408419,15.812216,20.140438,22.829082
8.056952,91.334792,49.417655,8.096426,61.212563,35.841802,0.505692,4.98656,10.496763,30.46277,2.808543,75.333363,21.929763,3.381359,48.23782,16.266426,19.196964,23.490746
7.260585,89.758785,51.346741,9.376564,61.731317,37.625437,1.507627,5.016813,10.849108,29.463285,2.501652,81.313457,20.521868,3.006217,45.887126,14.851727,19.556001,23.208688
7.126353,90.489448,51.126386,9.460713,60.383775,37.456855,1.163609,5.417476,9.148854,30.378269,2.325475,77.647543,22.325089,3.744826,48.673201,14.930951,20.406659,23.893503
8.287794,89.052994,48.719318,9.889299,59.759956,32.733514,2.401137,5.686325,8.870017,29.088032,0.967281,77.999811,20.163753,4.037545,48.172846,14.464745,21.479067,23.075462
8.042596,90.317379,51.474106,8.522839,60.285981,36.875439,0.757357,4.131202,11.397634,28.968458,1.93027,74.90495,21.385982,3.262618,47.744978,15.476558,20.468619,23.288759
7.765183,91.021695,50.022239,8.292736,60.9047,36.389223,2.718232,5.143097,10.613017,29.80416,2.616056,77.540013,19.17327,2.862233,47.051871,16.574735,20.237088,23.381574
8.339557,89.753036,52.472144,9.476763,59.574139,36.774913,1.258201,4.627937,8.549798,27.929707,1.863298,76.98789,22.263252,3.860342,48.009224,14.143745,20.055305,22.922044
8.258745,90.326741,48.058784,8.455157,60.874547,36.44512,2.5296,5.01392,8.627478,31.438623,2.255536,75.555672,20.707068,3.610383,47.898915,14.899005,19.29937,23.167092
7.063748,90.609678,50.850863,8.184079,58.79085,36.218003,1.935958,5.119416,8.996887,29.958186,1.90748,74.422484,19.551792,3.46988,48.830241,13.734687,19.615718,22.769726
7.792255,89.225526,50.612279,8.492277,59.493839,35.893447,1.303942,3.573467,9.514985,29.497997,2.35381,75.476985,20.835693,3.297065,47.519384,13.406653,20.043694,22.86377
6.574438,88.820025,46.112311,9.522284,60.855907,34.299922,2.084829,5.760676,11.446749,28.517699,2.107411,78.892811,19.856521,3.252186,48.601612,16.099085,20.321745,23.557796
6.395582,90.495729,51.679784,9.061942,60.266103,37.010481,2.401244,4.770267,10.120148,30.544704,1.640795,79.688074,20.851376,4.001118,48.736743,14.199241,19.16229,22.255851
8.758453,91.000581,50.83679,7.917237,60.830795,33.855617,1.516286,5.096761,11.649844,30.100478,2.025102,79.086105,20.570323,3.103162,47.793224,15.079826,19.801056,22.505245
7.46299,89.308741,51.256411,8.461894,59.509269,33.000897,1.392301,5.334159,9.687452,30.908996,2.168126,76.336419,21.116589,3.040332,47.088538,14.820219,19.231973,22.45039
8.144691,88.856751,49.644092,7.863326,60.910463,38.770182,1.01179,5.684041,9.286059,28.426645,1.53733,79.409134,22.015599,4.00008,47.902279,14.776819,19.389513,22.536012
8.433024,89.392867,47.911005,9.093857,59.023025,35.452049,1.879024,4.498398,9.499469,30.154121,1.592966,76.980702,21.600976,3.185289,48.331578,15.820779,19.481317,22.725626
7.679356,88.179848,49.299427,9.199907,59.327459,38.536306,2.41823,5.183208,10.612585,29.398564,1.221249,80.426913,21.131307,2.907418,48.163903,13.492411,20.328191,22.6444
8.241221,89.637678,49.240123,8.378534,59.049749,38.985055,1.823292,4.747331,11.15887,31.71834,2.373589,78.538061,20.707066,3.196588,47.327023,13.947277,19.115393,23.730504
8.363649,90.289323,51.811327,9.267721,58.69093,39.55181,0.603111,5.02607,10.074218,30.033991,1.913485,76.808816,19.725189,3.519687,47.16696,14.584628,21.025128,23.910619
7.688095,89.448914,51.316106,9.82707,58.802344,35.471717,0.138271,4.721447,10.238939,30.596567,3.147523,76.628034,20.556603,3.864828,47.344109,15.4972,20.048491,23.405498
6.489621,90.238287,51.866016,9.99737,59.260895,34.264861,2.273487,5.277831,9.850926,31.229472,3.105279,79.585323,21.409858,3.292179,49.373025,12.644769,20.478108,23.261283
7.255022,89.780488,51.798443,8.949938,60.433782,38.361441,1.822484,4.979272,10.978883,30.217099,1.712515,76.82901,20.945576,3.919256,48.864654,15.987632,19.447866,22.208792
8.219358,90.315357,48.762424,8.660526,59.910748,37.367804,-0.13648,5.5978,11.376937,28.167377,1.183997,77.081471,22.309451,3.391789,48.762061,12.636981,20.420054,23.21711
